id_resposta;data_resposta;codigo_loja;loja;turno;canal_atendimento;genero;faixa_etaria;idade_declarada;frequencia_visita;itens_consumidos;valor_consumo;tempo_espera_min;tempo_permanencia_min;temperatura_bebida_C;temperatura_ambiente_C;nota_atendimento;nota_produto;nota_ambiente;nota_preco;nps;recomendaria;indice_satisfacao
PQ-2025-0001;25/01/2025;4;Recife Antigo;Tarde;App;Feminino;18 a 24;22;Primeira vez;3;18,81;10,0;62;61,0;22,9;4;5;4;4;6;Sim;74,166667
PQ-2025-0002;18/04/2025;4;Recife Antigo;Manhã;Balcão;Outro;45 a 59;45;Diária;3;20,94;10,0;61;69,0;21,7;3;5;5;4;5;Não;70,833333
PQ-2025-0003;10/02/2025;2;Casa Forte;Tarde;Balcão;Feminino;18 a 24;20;Diária;3;33,86;6,3;23;63,9;23,6;5;4;4;5;7;Sim;81,666667
PQ-2025-0004;12/04/2025;1;Boa Viagem;Tarde;App;Feminino;25 a 34;30;Primeira vez;6;38,32;24,3;44;60,2;24,5;3;5;4;3;9;Sim;75,833333
PQ-2025-0005;14/02/2025;1;Boa Viagem;Tarde;Balcão;Masculino;35 a 44;44;Mensal;2;6,53;5,7;33;63,2;24,6;4;5;4;5;9;Sim;88,333333
PQ-2025-0006;26/02/2025;2;Casa Forte;Tarde;Balcão;Masculino;25 a 34;26;Quinzenal;2;19,43;9,8;47;75,0;25,1;4;5;5;3;7;Sim;77,500000
PQ-2025-0007;22/01/2025;1;Boa Viagem;Manhã;Balcão;Prefiro não informar;45 a 59;45;Mensal;3;32,67;18,4;13;68,9;22,1;1;5;3;4;5;Não;54,166667
PQ-2025-0008;08/04/2025;3;Espinheiro;Manhã;Balcão;Feminino;45 a 59;45;Semanal;3;20,30;5,0;17;62,0;23,9;4;3;4;5;7;Sim;73,333333
PQ-2025-0009;23/06/2025;3;Espinheiro;Tarde;Balcão;Masculino;18 a 24;20;Mensal;3;18,09;5,0;42;62,0;22,0;4;5;5;5;8;Sim;89,166667
PQ-2025-0010;20/02/2025;4;Recife Antigo;Manhã;Balcão;Masculino;35 a 44;40;Mensal;1;26,24;30,0;42;66,0;23,5;2;3;5;3;4;Não;50,833333
PQ-2025-0011;28/05/2025;4;Recife Antigo;Tarde;Balcão;Feminino;25 a 34;30;Primeira vez;4;18,65;10,0;38;78,0;21,8;4;4;4;3;6;Sim;65,833333
PQ-2025-0012;07/01/2025;1;Boa Viagem;Noite;Balcão;Feminino;60 ou mais;60;Mensal;5;28,27;3,0;44;58,7;24,8;3;4;4;3;7;Sim;65,000000
PQ-2025-0013;27/06/2025;4;Recife Antigo;Tarde;Balcão;Masculino;35 a 44;43;Semanal;4;11,92;10,0;47;57,0;21,9;5;5;5;4;10;Sim;95,833333
PQ-2025-0014;31/01/2025;2;Casa Forte;Noite;Delivery;Feminino;45 a 59;45;Mensal;2;13,28;3,5;28;72,9;23,8;4;5;4;4;9;Sim;84,166667
PQ-2025-0015;07/02/2025;2;Casa Forte;Tarde;Balcão;Outro;45 a 59;46;Primeira vez;2;12,08;3,6;30;71,4;23,9;4;4;4;3;6;Não;65,833333
PQ-2025-0016;24/02/2025;2;Casa Forte;Manhã;Balcão;Masculino;45 a 59;50;Primeira vez;2;6,35;4,4;28;66,2;22,6;5;4;3;4;7;Sim;73,333333
PQ-2025-0017;12/02/2025;3;Espinheiro;Noite;App;Feminino;25 a 34;25;Semanal;3;18,03;5,0;46;77,0;24,6;5;5;4;5;7;Sim;85,833333
PQ-2025-0018;23/05/2025;3;Espinheiro;Tarde;Balcão;Feminino;45 a 59;45;Diária;6;22,61;5,0;26;82,0;21,4;5;5;5;4;10;Sim;95,833333
PQ-2025-0019;30/01/2025;2;Casa Forte;Manhã;App;Masculino;35 a 44;40;Semanal;4;24,47;8,0;38;64,3;23,7;4;5;4;5;7;Sim;81,666667
PQ-2025-0020;24/05/2025;1;Boa Viagem;Tarde;App;Feminino;35 a 44;40;Primeira vez;1;26,49;14,5;20;61,4;25,5;3;4;4;2;5;Não;54,166667
PQ-2025-0021;06/02/2025;3;Espinheiro;Manhã;Balcão;Feminino;35 a 44;40;Mensal;5;14,52;10,0;12;68,0;23,0;4;4;4;3;7;Sim;69,166667
PQ-2025-0022;21/02/2025;4;Recife Antigo;Tarde;Balcão;Masculino;35 a 44;40;Semanal;4;14,88;5,0;31;71,0;23,5;5;4;5;3;7;Sim;77,500000
PQ-2025-0023;22/03/2025;4;Recife Antigo;Manhã;Balcão;Masculino;45 a 59;48;Semanal;3;23,20;10,0;48;;24,3;3;5;5;3;8;Sim;76,666667
PQ-2025-0024;02/03/2025;2;Casa Forte;Manhã;Balcão;Feminino;35 a 44;40;Quinzenal;3;23,53;6,9;25;72,5;21,5;5;4;4;4;9;Sim;84,166667
PQ-2025-0025;24/05/2025;1;Boa Viagem;Tarde;Balcão;Feminino;35 a 44;40;Quinzenal;2;23,45;28,4;29;68,4;25,1;2;4;4;4;8;Sim;68,333333
PQ-2025-0026;31/05/2025;2;Casa Forte;Manhã;App;Feminino;35 a 44;35;Quinzenal;1;28,61;4,8;53;67,7;26,8;5;4;4;3;8;Sim;76,666667
PQ-2025-0027;15/05/2025;4;Recife Antigo;Noite;Balcão;Masculino;35 a 44;40;Mensal;1;12,81;10,0;54;72,0;23,4;5;5;5;4;10;Sim;95,833333
PQ-2025-0028;19/05/2025;1;Boa Viagem;Manhã;Balcão;Feminino;45 a 59;50;Quinzenal;2;26,66;16,1;36;71,3;22,5;3;3;3;1;5;Não;41,666667
PQ-2025-0029;03/03/2025;3;Espinheiro;Manhã;Balcão;Feminino;18 a 24;20;Quinzenal;2;20,69;5,0;36;68,0;21,3;5;5;4;3;7;Sim;77,500000
PQ-2025-0030;14/03/2025;4;Recife Antigo;Tarde;App;Masculino;25 a 34;30;Mensal;4;29,20;10,0;41;74,0;25,4;3;5;4;3;7;Sim;69,166667
PQ-2025-0031;21/01/2025;2;Casa Forte;Noite;App;Feminino;18 a 24;19;Semanal;4;15,30;3,9;46;71,3;22,5;4;3;4;4;9;Sim;75,833333
PQ-2025-0032;08/03/2025;3;Espinheiro;Noite;App;Prefiro não informar;35 a 44;40;Primeira vez;3;17,13;5,0;24;72,0;24,3;5;4;4;5;10;Sim;91,666667
PQ-2025-0033;03/05/2025;1;Boa Viagem;Tarde;Balcão;Feminino;25 a 34;30;Semanal;1;23,86;15,8;37;69,0;22,4;3;5;3;3;9;Sim;71,666667
PQ-2025-0034;30/03/2025;4;Recife Antigo;Manhã;Balcão;Feminino;25 a 34;27;Quinzenal;2;26,56;5,0;49;72,0;24,8;4;5;4;4;8;Sim;80,833333
PQ-2025-0035;25/04/2025;2;Casa Forte;Noite;Delivery;Masculino;25 a 34;30;Mensal;2;35,73;3,0;48;71,2;22,2;5;5;4;3;9;Sim;84,166667
PQ-2025-0036;02/02/2025;4;Recife Antigo;Noite;App;Masculino;35 a 44;40;Mensal;7;21,19;5,0;31;68,0;22,3;4;4;4;4;6;Sim;70,000000
PQ-2025-0037;16/02/2025;2;Casa Forte;Manhã;Balcão;Feminino;25 a 34;25;Mensal;3;21,08;5,0;44;65,8;24,8;5;4;3;3;7;Sim;69,166667
PQ-2025-0038;28/01/2025;2;Casa Forte;Tarde;Balcão;Masculino;18 a 24;20;Quinzenal;2;27,90;6,2;38;73,6;23,7;4;5;5;4;8;Sim;85,000000
PQ-2025-0039;12/04/2025;4;Recife Antigo;Tarde;Balcão;Feminino;45 a 59;45;Diária;6;10,52;15,0;63;68,0;24,3;5;4;3;3;7;Sim;69,166667
PQ-2025-0040;03/03/2025;2;Casa Forte;Manhã;Balcão;Masculino;25 a 34;30;Mensal;2;23,98;3,7;34;69,1;22,0;5;5;4;;10;Sim;91,666667
PQ-2025-0041;30/01/2025;2;Casa Forte;Tarde;Balcão;Masculino;25 a 34;30;Semanal;2;16,95;17,2;63;65,5;22,5;4;3;4;4;7;Sim;69,166667
PQ-2025-0042;19/01/2025;3;Espinheiro;Tarde;Balcão;Feminino;18 a 24;20;Diária;3;15,56;5,0;5;64,0;21,1;4;4;5;4;6;Não;74,166667
PQ-2025-0043;12/01/2025;3;Espinheiro;Noite;Balcão;Masculino;25 a 34;25;Mensal;3;26,52;5,0;17;71,0;21,6;4;5;3;4;8;Sim;76,666667
PQ-2025-0044;13/05/2025;4;Recife Antigo;Manhã;App;Masculino;45 a 59;50;Semanal;2;32,72;5,0;55;73,0;24,4;5;3;3;2;5;Não;54,166667
PQ-2025-0045;23/02/2025;1;Boa Viagem;Tarde;Balcão;Feminino;35 a 44;37;Mensal;3;7,60;21,3;56;70,1;25,2;3;5;4;3;8;Sim;72,500000
PQ-2025-0046;27/05/2025;4;Recife Antigo;Tarde;Balcão;Feminino;25 a 34;;Semanal;1;16,77;10,0;43;71,0;23,9;4;5;5;;10;Sim;91,666667
PQ-2025-0047;02/04/2025;1;Boa Viagem;Manhã;Balcão;Feminino;18 a 24;20;Diária;2;29,83;8,8;49;72,9;21,6;4;4;2;3;6;Não;57,500000
PQ-2025-0048;04/05/2025;3;Espinheiro;Noite;Balcão;Feminino;35 a 44;35;Mensal;2;10,51;5,0;25;76,0;22,9;4;5;5;4;9;Sim;88,333333
PQ-2025-0049;27/06/2025;3;Espinheiro;Manhã;Balcão;Prefiro não informar;45 a 59;50;Primeira vez;2;15,05;10,0;5;68,0;23,0;3;3;4;4;8;Sim;68,333333
PQ-2025-0050;01/03/2025;4;Recife Antigo;Manhã;Balcão;Feminino;35 a 44;35;Primeira vez;2;14,10;5,0;86;60,0;25,4;5;4;5;5;10;Sim;95,833333
PQ-2025-0051;29/03/2025;4;Recife Antigo;Manhã;Balcão;Masculino;18 a 24;20;Semanal;4;21,91;5,0;56;69,0;28,8;3;3;2;3;2;Não;35,833333
PQ-2025-0052;20/02/2025;3;Espinheiro;Noite;Delivery;Masculino;25 a 34;25;Quinzenal;2;13,40;10,0;24;74,0;23,5;4;4;5;4;7;Sim;77,500000
PQ-2025-0053;24/06/2025;3;Espinheiro;Manhã;Balcão;Masculino;35 a 44;40;Mensal;4;16,79;10,0;22;70,0;25,6;3;5;5;3;7;Sim;73,333333
PQ-2025-0054;21/02/2025;1;Boa Viagem;Tarde;Balcão;Masculino;25 a 34;30;Mensal;2;32,03;9,8;37;64,2;23,8;3;4;5;3;9;Sim;75,833333
PQ-2025-0055;06/03/2025;2;Casa Forte;Tarde;App;Masculino;35 a 44;40;Mensal;3;12,41;3,0;25;74,0;23,2;5;4;4;5;9;Sim;88,333333
PQ-2025-0056;10/04/2025;1;Boa Viagem;Tarde;Balcão;Feminino;45 a 59;52;Primeira vez;2;26,09;4,2;44;63,7;23,6;5;4;4;3;7;Sim;73,333333
PQ-2025-0057;30/01/2025;2;Casa Forte;Tarde;App;Masculino;35 a 44;42;Diária;3;21,66;8,2;31;65,7;23,7;5;4;3;2;6;Não;61,666667
PQ-2025-0058;21/04/2025;3;Espinheiro;Tarde;Delivery;Masculino;25 a 34;30;Semanal;5;15,95;5,0;18;64,0;23,1;4;4;5;4;7;Sim;77,500000
PQ-2025-0059;19/02/2025;4;Recife Antigo;Noite;Balcão;Feminino;35 a 44;41;Primeira vez;2;11,85;15,0;70;66,0;23,0;2;4;5;4;7;Sim;69,166667
PQ-2025-0060;26/02/2025;3;Espinheiro;Manhã;Balcão;Masculino;35 a 44;40;Quinzenal;3;18,75;5,0;42;75,0;24,5;3;4;4;4;8;Sim;72,500000
PQ-2025-0061;14/02/2025;1;Boa Viagem;Manhã;Balcão;Feminino;25 a 34;30;Quinzenal;3;15,26;13,7;53;64,6;22,6;3;5;5;4;10;Sim;87,500000
PQ-2025-0062;05/03/2025;1;Boa Viagem;Manhã;Balcão;Masculino;35 a 44;41;Mensal;3;18,67;12,5;39;67,1;23,2;3;5;4;4;5;Não;66,666667
PQ-2025-0063;24/01/2025;3;Espinheiro;Tarde;Balcão;Masculino;18 a 24;20;Quinzenal;2;14,05;10,0;9;71,0;22,1;4;5;4;3;7;Sim;73,333333
PQ-2025-0064;15/06/2025;2;Casa Forte;Manhã;Balcão;Feminino;35 a 44;40;Semanal;2;22,51;4,0;43;76,0;22,6;5;4;3;4;8;Sim;76,666667
PQ-2025-0065;31/03/2025;3;Espinheiro;Tarde;Balcão;Masculino;25 a 34;30;Semanal;3;19,34;5,0;26;68,0;25,8;4;5;4;4;9;Sim;84,166667
PQ-2025-0066;27/02/2025;2;Casa Forte;Manhã;Balcão;Masculino;25 a 34;30;Mensal;1;16,30;3,9;64;68,0;23,2;5;4;4;4;7;Sim;77,500000
PQ-2025-0067;19/01/2025;1;Boa Viagem;Tarde;Delivery;Feminino;35 a 44;40;Mensal;5;23,10;7,0;37;63,7;22,6;4;3;4;3;;Não;61,666667
PQ-2025-0068;26/03/2025;1;Boa Viagem;Noite;Delivery;Feminino;45 a 59;45;Diária;1;37,24;21,7;36;67,5;23,5;4;4;4;3;6;Sim;65,833333
PQ-2025-0069;28/02/2025;1;Boa Viagem;Tarde;Balcão;Outro;35 a 44;40;Mensal;2;24,00;9,2;45;67,9;22,8;4;3;3;4;9;Sim;71,666667
PQ-2025-0070;17/01/2025;4;Recife Antigo;Noite;Balcão;Feminino;45 a 59;53;Semanal;4;19,73;5,0;55;75,0;23,6;5;5;4;4;9;Sim;88,333333
PQ-2025-0071;17/03/2025;3;Espinheiro;Noite;Balcão;Prefiro não informar;25 a 34;30;Diária;2;10,34;10,0;34;68,0;24,5;3;5;5;5;9;Sim;88,333333
PQ-2025-0072;03/04/2025;1;Boa Viagem;Tarde;Balcão;Feminino;45 a 59;50;Diária;3;38,31;7,3;35;77,9;25,4;4;5;5;2;8;Sim;76,666667
PQ-2025-0073;06/04/2025;4;Recife Antigo;Noite;Balcão;Feminino;25 a 34;;Mensal;4;15,85;5,0;26;69,0;23,1;4;5;5;2;5;Não;66,666667
PQ-2025-0074;01/03/2025;1;Boa Viagem;Noite;Balcão;Prefiro não informar;35 a 44;40;Quinzenal;5;25,01;8,3;29;76,9;24,3;2;4;5;2;4;Não;50,833333
PQ-2025-0075;01/02/2025;2;Casa Forte;Noite;Delivery;Feminino;18 a 24;20;Semanal;4;19,92;13,6;44;67,9;29,0;4;5;5;4;10;Sim;91,666667
PQ-2025-0076;06/05/2025;1;Boa Viagem;Manhã;Balcão;Masculino;45 a 59;50;Diária;2;28,91;4,4;36;68,7;23,4;4;4;5;4;10;Sim;87,500000
PQ-2025-0077;04/02/2025;3;Espinheiro;Tarde;Balcão;Masculino;45 a 59;;Semanal;2;16,60;5,0;18;71,0;24,8;4;4;5;4;7;Sim;77,500000
PQ-2025-0078;13/02/2025;1;Boa Viagem;Noite;Delivery;Masculino;35 a 44;40;Quinzenal;4;32,81;8,5;8;72,0;21,9;3;3;4;4;6;Sim;61,666667
PQ-2025-0079;26/06/2025;4;Recife Antigo;Manhã;Delivery;Feminino;25 a 34;;Primeira vez;2;14,84;15,0;31;74,0;25,7;5;4;4;3;9;Sim;80,000000
PQ-2025-0080;20/02/2025;3;Espinheiro;Manhã;App;Feminino;45 a 59;50;Mensal;5;23,08;10,0;25;75,0;21,8;4;5;4;5;9;Sim;88,333333
PQ-2025-0081;23/04/2025;3;Espinheiro;Tarde;Balcão;Masculino;18 a 24;21;Diária;4;17,34;5,0;45;62,0;22,8;4;5;4;4;6;Não;74,166667
PQ-2025-0082;25/04/2025;1;Boa Viagem;Tarde;Balcão;Masculino;25 a 34;30;Primeira vez;3;32,89;15,8;31;64,3;25,2;4;4;4;3;8;Sim;72,500000
PQ-2025-0083;06/03/2025;3;Espinheiro;Tarde;App;Feminino;25 a 34;30;Primeira vez;3;22,08;5,0;18;64,0;24,4;4;4;3;4;8;Sim;72,500000
PQ-2025-0084;27/01/2025;2;Casa Forte;Tarde;Delivery;Masculino;25 a 34;30;Mensal;3;27,67;11,5;33;69,5;21,6;4;4;4;3;7;Sim;69,166667
PQ-2025-0085;07/05/2025;3;Espinheiro;Manhã;Balcão;Masculino;18 a 24;20;Diária;3;18,16;10,0;39;66,0;23,7;5;4;5;4;10;Sim;91,666667
PQ-2025-0086;20/05/2025;4;Recife Antigo;Manhã;Balcão;Masculino;35 a 44;40;Quinzenal;2;24,51;5,0;43;67,0;25,6;5;5;5;4;8;Sim;89,166667
PQ-2025-0087;31/03/2025;2;Casa Forte;Manhã;Balcão;Feminino;25 a 34;28;Quinzenal;3;23,14;9,1;46;68,3;23,4;3;4;5;3;9;Sim;75,833333
PQ-2025-0088;07/06/2025;3;Espinheiro;Manhã;App;Masculino;25 a 34;25;Semanal;3;20,01;5,0;12;73,0;21,3;2;4;5;4;10;Sim;79,166667
PQ-2025-0089;20/05/2025;2;Casa Forte;Noite;Balcão;Masculino;35 a 44;40;Mensal;2;25,73;2,6;35;64,3;23,1;5;4;5;4;10;Sim;91,666667
PQ-2025-0090;21/01/2025;2;Casa Forte;Tarde;Delivery;Feminino;60 ou mais;;Mensal;2;31,00;10,3;52;72,7;22,1;3;4;5;4;10;Sim;83,333333
PQ-2025-0091;17/01/2025;2;Casa Forte;Tarde;Balcão;Feminino;25 a 34;30;Semanal;2;22,52;7,9;84;;23,0;5;4;3;4;6;Não;70,000000
PQ-2025-0092;19/06/2025;3;Espinheiro;Noite;Balcão;Masculino;18 a 24;20;Mensal;2;16,88;10,0;13;77,0;23,7;2;3;5;5;7;Sim;69,166667
PQ-2025-0093;16/03/2025;3;Espinheiro;Tarde;Balcão;Feminino;25 a 34;30;Primeira vez;3;28,22;5,0;26;64,0;23,2;5;3;4;3;8;Sim;72,500000
PQ-2025-0094;11/01/2025;4;Recife Antigo;Tarde;Balcão;Outro;25 a 34;30;Primeira vez;4;14,22;5,0;70;71,0;23,5;4;5;5;2;9;Sim;80,000000
PQ-2025-0095;03/02/2025;4;Recife Antigo;Tarde;Balcão;Feminino;18 a 24;20;Semanal;3;19,21;10,0;14;57,0;22,7;3;2;4;3;5;Não;50,000000
PQ-2025-0096;22/04/2025;3;Espinheiro;Noite;Balcão;Masculino;18 a 24;20;Mensal;2;16,43;5,0;39;69,0;26,2;4;5;5;5;10;Sim;95,833333
PQ-2025-0097;06/01/2025;1;Boa Viagem;Tarde;Balcão;Outro;35 a 44;35;Quinzenal;2;30,95;5,1;21;72,8;25,5;4;4;4;4;8;Sim;76,666667
PQ-2025-0098;22/05/2025;1;Boa Viagem;Tarde;Balcão;Masculino;35 a 44;35;Primeira vez;2;28,03;16,3;31;67,3;20,6;3;4;4;4;6;Não;65,833333
PQ-2025-0099;08/01/2025;4;Recife Antigo;Tarde;Delivery;Masculino;35 a 44;40;Quinzenal;1;22,90;15,0;50;69,0;23,7;3;4;4;4;6;Sim;65,833333
PQ-2025-0100;26/03/2025;4;Recife Antigo;Manhã;Balcão;Feminino;35 a 44;40;Diária;4;27,40;5,0;57;73,0;21,3;4;4;5;3;10;Sim;83,333333
PQ-2025-0101;24/05/2025;2;Casa Forte;Noite;Balcão;Outro;25 a 34;31;Semanal;3;27,69;13,7;48;66,9;23,1;3;4;5;;10;Sim;87,500000
PQ-2025-0102;17/05/2025;4;Recife Antigo;Manhã;Delivery;Feminino;60 ou mais;60;Primeira vez;3;17,23;5,0;66;68,0;22,9;4;5;4;2;4;Não;59,166667
PQ-2025-0103;18/02/2025;1;Boa Viagem;Manhã;Balcão;Outro;45 a 59;45;Mensal;3;27,10;22,6;34;77,8;22,7;1;5;4;3;;Sim;57,500000
PQ-2025-0104;19/05/2025;1;Boa Viagem;Manhã;Delivery;Feminino;35 a 44;39;Quinzenal;1;17,45;12,3;13;63,3;24,5;4;5;4;4;7;Sim;77,500000
PQ-2025-0105;24/03/2025;4;Recife Antigo;Manhã;App;Prefiro não informar;25 a 34;30;Mensal;3;15,67;10,0;60;70,0;25,5;5;4;3;2;8;Sim;68,333333
PQ-2025-0106;26/03/2025;4;Recife Antigo;Noite;Balcão;Feminino;25 a 34;30;Mensal;2;24,20;5,0;17;70,0;22,4;5;4;4;5;10;Sim;91,666667
PQ-2025-0107;09/03/2025;3;Espinheiro;Tarde;App;Masculino;35 a 44;36;Semanal;3;22,27;5,0;19;59,0;24,6;4;4;4;3;6;Não;65,833333
PQ-2025-0108;06/06/2025;1;Boa Viagem;Tarde;Balcão;Outro;25 a 34;30;Mensal;2;36,96;8,0;25;68,7;21,0;3;4;5;4;7;Sim;73,333333
PQ-2025-0109;22/05/2025;4;Recife Antigo;Noite;Balcão;Masculino;35 a 44;40;Mensal;2;25,83;10,0;59;66,0;25,0;4;4;5;3;7;Sim;73,333333
PQ-2025-0110;30/03/2025;1;Boa Viagem;Noite;App;Feminino;45 a 59;50;Mensal;3;22,61;12,4;22;64,0;24,8;4;4;4;2;8;Sim;68,333333
PQ-2025-0111;22/05/2025;3;Espinheiro;Manhã;App;Masculino;18 a 24;21;Primeira vez;1;12,25;5,0;23;63,0;19,7;4;5;2;4;8;Sim;72,500000
PQ-2025-0112;19/02/2025;1;Boa Viagem;Noite;Delivery;Masculino;35 a 44;35;Mensal;2;26,97;7,6;9;69,6;22,9;5;4;2;;6;Não;57,500000
PQ-2025-0113;07/02/2025;3;Espinheiro;Noite;Balcão;Feminino;25 a 34;31;Primeira vez;5;21,80;5,0;39;79,0;21,9;3;5;3;4;8;Sim;72,500000
PQ-2025-0114;08/05/2025;2;Casa Forte;Manhã;Balcão;Masculino;35 a 44;35;Primeira vez;1;10,21;8,6;49;69,3;24,1;5;4;4;2;7;Sim;69,166667
PQ-2025-0115;28/01/2025;1;Boa Viagem;Tarde;Balcão;Masculino;45 a 59;50;Semanal;2;28,81;7,8;57;68,3;22,4;3;5;5;2;7;Sim;69,166667
PQ-2025-0116;11/01/2025;4;Recife Antigo;Manhã;Balcão;Masculino;45 a 59;50;Primeira vez;1;22,78;5,0;20;67,0;23,2;5;4;5;;9;Sim;84,166667
PQ-2025-0117;09/02/2025;4;Recife Antigo;Noite;Balcão;Masculino;35 a 44;35;Semanal;1;27,08;10,0;90;60,0;23,8;5;3;5;4;6;Não;74,166667
PQ-2025-0118;14/04/2025;1;Boa Viagem;Tarde;Balcão;Masculino;45 a 59;55;Mensal;5;26,36;16,0;44;65,3;23,9;2;5;5;5;6;Sim;74,166667
PQ-2025-0119;25/02/2025;4;Recife Antigo;Noite;Balcão;Feminino;25 a 34;30;Quinzenal;6;6,00;10,0;50;61,0;23,2;4;4;3;4;6;Sim;65,833333
PQ-2025-0120;27/06/2025;3;Espinheiro;Tarde;App;Masculino;35 a 44;40;Primeira vez;1;20,24;5,0;38;70,0;24,5;3;4;5;4;9;Sim;80,000000
PQ-2025-0121;03/05/2025;3;Espinheiro;Manhã;Balcão;Feminino;35 a 44;40;Quinzenal;2;12,14;5,0;23;70,0;22,1;5;5;5;4;10;Sim;95,833333
PQ-2025-0122;21/02/2025;1;Boa Viagem;Manhã;Balcão;Masculino;25 a 34;30;Quinzenal;4;47,57;4,7;19;61,4;24,9;4;4;4;5;9;Sim;84,166667
PQ-2025-0123;04/02/2025;3;Espinheiro;Manhã;Balcão;Masculino;25 a 34;30;Semanal;1;16,65;5,0;22;69,0;23,1;3;3;4;4;7;Sim;65,000000
PQ-2025-0124;25/01/2025;4;Recife Antigo;Tarde;App;Feminino;18 a 24;24;Semanal;3;14,96;10,0;73;72,0;24,6;2;5;3;3;5;Não;54,166667
PQ-2025-0125;30/03/2025;4;Recife Antigo;Noite;App;Masculino;45 a 59;50;Primeira vez;4;6,51;10,0;47;66,0;23,8;4;5;4;2;8;Sim;72,500000
PQ-2025-0126;30/03/2025;2;Casa Forte;Tarde;App;Masculino;25 a 34;30;Mensal;2;28,94;5,1;44;69,4;22,8;4;2;4;5;6;Sim;65,833333
PQ-2025-0127;05/06/2025;3;Espinheiro;Manhã;Balcão;Masculino;35 a 44;;Primeira vez;4;28,90;5,0;23;69,0;25,3;3;5;5;4;9;Sim;84,166667
PQ-2025-0128;22/04/2025;2;Casa Forte;Noite;Balcão;Feminino;25 a 34;27;Quinzenal;1;16,25;13,4;46;68,6;28,5;4;5;3;3;8;Sim;72,500000
PQ-2025-0129;28/02/2025;1;Boa Viagem;Tarde;Delivery;Feminino;25 a 34;27;Mensal;1;37,59;19,4;61;70,7;22,9;2;5;3;3;5;Não;54,166667
PQ-2025-0130;08/04/2025;2;Casa Forte;Manhã;Balcão;Masculino;45 a 59;55;Semanal;4;27,31;7,1;36;62,3;22,3;4;4;4;4;10;Sim;83,333333
PQ-2025-0131;29/01/2025;1;Boa Viagem;Noite;App;Prefiro não informar;45 a 59;50;Semanal;3;16,25;9,7;22;;21,6;3;4;5;3;7;Sim;69,166667
PQ-2025-0132;25/02/2025;4;Recife Antigo;Manhã;Balcão;Feminino;25 a 34;30;Quinzenal;2;15,11;10,0;52;62,0;23,7;4;4;5;2;10;Sim;79,166667
PQ-2025-0133;09/03/2025;4;Recife Antigo;Tarde;Balcão;Outro;25 a 34;25;Primeira vez;4;27,80;10,0;61;65,0;25,6;4;4;4;3;6;Sim;65,833333
PQ-2025-0134;04/06/2025;1;Boa Viagem;Noite;Balcão;Masculino;25 a 34;30;Quinzenal;2;34,51;3,9;21;63,0;24,6;5;4;4;5;9;Sim;88,333333
PQ-2025-0135;10/06/2025;2;Casa Forte;Manhã;Balcão;Feminino;35 a 44;;Quinzenal;1;25,70;5,3;48;68,3;20,4;5;4;5;4;10;Sim;91,666667
PQ-2025-0136;27/04/2025;2;Casa Forte;Tarde;Balcão;Masculino;45 a 59;50;Mensal;1;24,49;5,7;20;64,0;25,0;5;4;5;2;8;Sim;76,666667
PQ-2025-0137;27/04/2025;3;Espinheiro;Noite;App;Masculino;45 a 59;50;Semanal;2;6,00;10,0;32;74,0;23,3;3;4;4;5;9;Sim;80,000000
PQ-2025-0138;02/05/2025;4;Recife Antigo;Noite;Balcão;Outro;25 a 34;31;Quinzenal;4;18,90;10,0;78;67,0;22,5;4;4;5;4;10;Sim;87,500000
PQ-2025-0139;08/04/2025;3;Espinheiro;Manhã;App;Feminino;35 a 44;;Semanal;1;24,55;5,0;28;58,0;25,6;5;3;4;5;9;Sim;84,166667
PQ-2025-0140;12/04/2025;1;Boa Viagem;Manhã;Delivery;Feminino;25 a 34;30;Primeira vez;2;30,51;11,5;24;68,3;22,3;4;5;4;4;7;Sim;77,500000
PQ-2025-0141;21/06/2025;2;Casa Forte;Manhã;Delivery;Outro;35 a 44;35;Primeira vez;3;17,13;4,6;24;75,2;23,1;5;5;4;3;8;Sim;80,833333
PQ-2025-0142;12/04/2025;1;Boa Viagem;Tarde;Balcão;Feminino;45 a 59;50;Semanal;2;37,18;18,7;36;69,9;23,0;3;5;5;4;8;Sim;80,833333
PQ-2025-0143;14/02/2025;4;Recife Antigo;Tarde;Balcão;Feminino;45 a 59;48;Mensal;2;12,74;5,0;85;67,0;24,0;4;4;4;;8;Sim;76,666667
PQ-2025-0144;16/02/2025;2;Casa Forte;Manhã;Balcão;Feminino;35 a 44;40;Semanal;2;23,97;1,6;38;66,3;25,9;5;5;4;5;9;Sim;92,500000
PQ-2025-0145;10/05/2025;4;Recife Antigo;Tarde;Balcão;Feminino;35 a 44;40;Mensal;4;18,22;15,0;84;69,0;23,1;3;4;3;3;6;Não;57,500000
PQ-2025-0146;19/04/2025;3;Espinheiro;Tarde;Delivery;Feminino;25 a 34;30;Primeira vez;2;15,57;5,0;32;69,0;20,7;4;4;3;4;7;Sim;69,166667
PQ-2025-0147;15/01/2025;1;Boa Viagem;Noite;App;Masculino;25 a 34;30;Semanal;2;33,58;17,2;40;71,0;26,5;3;5;5;3;7;Sim;73,333333
PQ-2025-0148;22/02/2025;1;Boa Viagem;Manhã;App;Feminino;25 a 34;30;Quinzenal;4;45,12;13,9;21;65,7;24,3;3;5;4;1;;Não;54,166667
PQ-2025-0149;26/05/2025;1;Boa Viagem;Tarde;Balcão;Masculino;45 a 59;50;Semanal;2;26,16;5,3;32;63,0;23,8;5;4;5;4;9;Sim;88,333333
PQ-2025-0150;24/05/2025;3;Espinheiro;Noite;Balcão;Feminino;18 a 24;23;Semanal;3;12,79;10,0;19;70,0;23,0;4;5;4;5;10;Sim;91,666667
PQ-2025-0151;25/05/2025;3;Espinheiro;Tarde;Delivery;Masculino;45 a 59;45;Semanal;5;19,48;5,0;23;64,0;22,3;4;4;4;3;5;Não;62,500000
PQ-2025-0152;07/03/2025;4;Recife Antigo;Manhã;Balcão;Feminino;25 a 34;26;Quinzenal;4;9,03;10,0;55;66,0;21,9;3;4;5;3;6;Sim;65,833333
PQ-2025-0153;25/02/2025;1;Boa Viagem;Manhã;App;Masculino;25 a 34;30;Primeira vez;2;34,81;4,9;45;70,3;22,9;4;5;3;3;10;Sim;79,166667
PQ-2025-0154;17/03/2025;1;Boa Viagem;Manhã;Delivery;Feminino;35 a 44;40;Primeira vez;1;29,67;0,8;31;67,5;23,6;5;5;4;2;;Sim;83,333333
PQ-2025-0155;27/01/2025;1;Boa Viagem;Tarde;Delivery;Masculino;35 a 44;40;Diária;4;8,58;7,8;53;72,5;22,5;3;5;4;3;8;Sim;72,500000
PQ-2025-0156;14/01/2025;1;Boa Viagem;Tarde;Delivery;Feminino;45 a 59;45;Semanal;3;22,86;11,3;53;70,4;26,0;2;5;5;4;9;Sim;80,000000
PQ-2025-0157;07/01/2025;1;Boa Viagem;Noite;App;Prefiro não informar;45 a 59;50;Mensal;3;35,50;23,9;45;64,0;22,8;1;5;4;5;9;Sim;75,833333
PQ-2025-0158;17/02/2025;4;Recife Antigo;Tarde;Balcão;Masculino;25 a 34;30;Primeira vez;3;23,27;10,0;27;68,0;23,5;4;5;4;4;8;Sim;80,833333
PQ-2025-0159;01/04/2025;4;Recife Antigo;Noite;Balcão;Prefiro não informar;45 a 59;46;Semanal;1;17,04;5,0;50;76,0;21,5;5;4;4;3;9;Sim;80,000000
PQ-2025-0160;06/03/2025;1;Boa Viagem;Tarde;Balcão;Feminino;35 a 44;38;Quinzenal;3;28,96;5,3;41;67,0;24,0;5;5;5;3;7;Sim;81,666667
PQ-2025-0161;26/04/2025;1;Boa Viagem;Tarde;Balcão;Feminino;25 a 34;25;Semanal;2;38,74;12,8;28;67,6;22,2;3;4;4;3;10;Sim;75,000000
PQ-2025-0162;28/02/2025;3;Espinheiro;Tarde;Delivery;Masculino;25 a 34;25;Semanal;3;12,99;5,0;35;67,0;24,4;5;4;4;3;7;Sim;73,333333
PQ-2025-0163;05/05/2025;4;Recife Antigo;Tarde;Balcão;Masculino;35 a 44;;Primeira vez;1;13,60;15,0;52;;21,9;4;5;4;3;7;Sim;73,333333
PQ-2025-0164;20/02/2025;4;Recife Antigo;Tarde;Balcão;Feminino;35 a 44;40;Diária;3;25,73;10,0;87;66,0;23,0;2;3;4;2;5;Não;45,833333
PQ-2025-0165;15/01/2025;3;Espinheiro;Manhã;Balcão;Masculino;25 a 34;25;Semanal;1;19,76;10,0;34;74,0;24,0;4;4;5;4;10;Sim;87,500000
PQ-2025-0166;14/02/2025;1;Boa Viagem;Tarde;Balcão;Masculino;25 a 34;28;Mensal;3;20,62;1,6;24;;25,1;4;5;4;3;7;Sim;73,333333
PQ-2025-0167;09/03/2025;1;Boa Viagem;Manhã;Balcão;Masculino;35 a 44;36;Mensal;4;33,02;16,0;41;61,5;24,1;4;4;4;3;8;Sim;72,500000
PQ-2025-0168;02/04/2025;2;Casa Forte;Tarde;App;Feminino;45 a 59;50;Semanal;1;21,13;8,4;45;;19,2;3;4;4;4;7;Sim;69,166667
PQ-2025-0169;20/05/2025;3;Espinheiro;Noite;Balcão;Feminino;25 a 34;31;Quinzenal;1;18,25;5,0;29;67,0;24,4;4;4;3;1;4;Não;46,666667
PQ-2025-0170;21/02/2025;1;Boa Viagem;Tarde;App;Feminino;35 a 44;40;Semanal;3;32,45;15,3;42;66,0;21,7;2;5;5;3;7;Sim;69,166667
PQ-2025-0171;28/04/2025;3;Espinheiro;Manhã;App;Outro;18 a 24;20;Semanal;3;11,37;5,0;20;74,0;21,6;5;4;4;3;7;Sim;73,333333
PQ-2025-0172;28/04/2025;4;Recife Antigo;Tarde;Balcão;Masculino;18 a 24;20;Mensal;4;17,38;15,0;29;65,0;25,2;4;5;4;3;8;Sim;76,666667
PQ-2025-0173;18/01/2025;1;Boa Viagem;Tarde;Delivery;Masculino;35 a 44;41;Primeira vez;1;21,61;11,7;20;61,2;22,8;3;5;4;3;9;Sim;75,833333
PQ-2025-0174;19/01/2025;1;Boa Viagem;Manhã;Balcão;Masculino;25 a 34;30;Semanal;3;33,97;8,8;32;63,0;24,9;3;5;3;2;7;Sim;60,833333
PQ-2025-0175;14/03/2025;1;Boa Viagem;Tarde;Balcão;Feminino;45 a 59;50;Mensal;3;19,34;15,9;26;70,1;24,1;4;4;3;2;5;Não;54,166667
PQ-2025-0176;05/03/2025;2;Casa Forte;Tarde;Balcão;Feminino;45 a 59;50;Primeira vez;2;25,56;10,4;15;67,5;23,0;4;4;2;3;4;Não;50,833333
PQ-2025-0177;23/01/2025;3;Espinheiro;Tarde;Balcão;Feminino;25 a 34;25;Diária;2;24,36;5,0;23;65,0;24,6;4;4;5;3;10;Sim;83,333333
PQ-2025-0178;14/04/2025;4;Recife Antigo;Manhã;Balcão;Masculino;25 a 34;30;Semanal;5;21,09;5,0;55;64,0;24,4;5;3;4;5;7;Sim;77,500000
PQ-2025-0179;20/05/2025;1;Boa Viagem;Tarde;Balcão;Feminino;25 a 34;32;Mensal;4;15,99;7,9;40;73,2;21,1;5;3;4;4;10;Sim;83,333333
PQ-2025-0180;18/05/2025;3;Espinheiro;Tarde;Balcão;Feminino;25 a 34;30;Semanal;4;18,18;10,0;29;68,0;22,1;4;5;4;3;7;Sim;73,333333
PQ-2025-0181;06/05/2025;1;Boa Viagem;Tarde;App;Masculino;18 a 24;21;Diária;3;32,00;2,0;36;64,1;22,7;5;5;5;4;9;Sim;92,500000
PQ-2025-0182;08/01/2025;3;Espinheiro;Tarde;Balcão;Feminino;35 a 44;41;Mensal;3;18,55;10,0;29;69,0;20,8;5;5;5;3;9;Sim;88,333333
PQ-2025-0183;13/02/2025;2;Casa Forte;Tarde;Delivery;Masculino;18 a 24;20;Mensal;3;20,13;7,1;30;74,9;23,0;3;4;4;2;4;Não;50,833333
PQ-2025-0184;19/05/2025;4;Recife Antigo;Noite;Delivery;Feminino;25 a 34;30;Quinzenal;2;21,15;15,0;25;71,0;22,5;3;5;5;3;8;Sim;76,666667
PQ-2025-0185;26/04/2025;1;Boa Viagem;Tarde;Delivery;Masculino;25 a 34;30;Diária;2;49,35;4,7;23;66,2;21,8;4;5;5;3;9;Sim;84,166667
PQ-2025-0186;20/03/2025;2;Casa Forte;Tarde;Balcão;Feminino;25 a 34;30;Primeira vez;2;34,15;8,7;33;74,0;25,4;4;4;5;5;9;Sim;88,333333
PQ-2025-0187;13/02/2025;3;Espinheiro;Noite;Balcão;Feminino;35 a 44;40;Quinzenal;2;6,00;10,0;26;62,0;22,5;3;4;4;5;10;Sim;83,333333
PQ-2025-0188;10/03/2025;1;Boa Viagem;Tarde;Balcão;Feminino;45 a 59;50;Quinzenal;1;32,79;7,2;19;60,4;23,6;3;4;4;3;5;Não;58,333333
PQ-2025-0189;27/01/2025;2;Casa Forte;Tarde;Balcão;Feminino;45 a 59;50;Mensal;5;15,15;8,3;33;66,9;23,6;4;5;5;4;7;Sim;81,666667
PQ-2025-0190;08/02/2025;4;Recife Antigo;Noite;Balcão;Masculino;25 a 34;25;Primeira vez;2;28,97;10,0;73;73,0;21,9;3;5;4;4;7;Sim;73,333333
PQ-2025-0191;05/05/2025;1;Boa Viagem;Manhã;Balcão;Prefiro não informar;35 a 44;40;Mensal;4;19,27;1,4;43;78,0;22,2;5;4;5;4;10;Sim;91,666667
PQ-2025-0192;16/04/2025;1;Boa Viagem;Tarde;App;Feminino;45 a 59;47;Semanal;2;36,27;16,0;22;68,9;20,1;3;4;3;3;6;Não;57,500000
PQ-2025-0193;06/01/2025;1;Boa Viagem;Manhã;Balcão;Feminino;35 a 44;40;Mensal;5;17,89;18,4;46;68,8;23,2;2;4;4;3;;Não;57,500000
PQ-2025-0194;15/06/2025;3;Espinheiro;Tarde;Balcão;Prefiro não informar;25 a 34;30;Primeira vez;3;15,52;5,0;33;77,0;24,8;5;3;4;5;7;Sim;77,500000
PQ-2025-0195;25/02/2025;1;Boa Viagem;Tarde;Balcão;Masculino;25 a 34;30;Mensal;5;25,05;6,9;27;66,3;22,5;5;5;4;4;9;Sim;88,333333
PQ-2025-0196;23/01/2025;3;Espinheiro;Manhã;Delivery;Masculino;25 a 34;27;Primeira vez;3;22,85;10,0;18;61,0;25,3;4;4;4;4;7;Sim;73,333333
PQ-2025-0197;21/04/2025;4;Recife Antigo;Tarde;Balcão;Masculino;45 a 59;50;Mensal;1;14,60;10,0;47;69,0;22,6;4;4;5;2;5;Não;62,500000
PQ-2025-0198;10/06/2025;3;Espinheiro;Noite;Balcão;Feminino;35 a 44;35;Quinzenal;3;20,88;5,0;27;70,0;25,1;5;5;3;4;9;Sim;84,166667
PQ-2025-0199;20/06/2025;1;Boa Viagem;Noite;Balcão;Feminino;18 a 24;20;Semanal;2;29,35;8,1;17;60,3;22,6;5;4;4;2;6;Sim;65,833333
PQ-2025-0200;13/05/2025;2;Casa Forte;Noite;App;Prefiro não informar;45 a 59;50;Mensal;3;18,77;7,2;28;;20,2;5;2;4;4;5;Não;62,500000
PQ-2025-0201;17/03/2025;1;Boa Viagem;Manhã;Balcão;Feminino;25 a 34;30;Semanal;3;19,96;14,1;43;62,7;24,2;4;4;4;4;7;Sim;73,333333
PQ-2025-0202;22/06/2025;1;Boa Viagem;Tarde;Balcão;Masculino;35 a 44;36;Mensal;3;23,39;7,4;45;67,3;24,1;3;4;4;3;8;Sim;68,333333
PQ-2025-0203;09/04/2025;1;Boa Viagem;Manhã;Balcão;Masculino;45 a 59;51;Quinzenal;2;34,97;27,6;25;61,8;23,4;2;3;5;4;4;Não;55,000000
PQ-2025-0204;28/05/2025;1;Boa Viagem;Noite;Balcão;Masculino;35 a 44;35;Semanal;4;47,47;15,0;29;73,2;23,4;3;5;4;;9;Sim;84,166667
PQ-2025-0205;31/05/2025;3;Espinheiro;Noite;Balcão;Feminino;45 a 59;45;Mensal;3;14,16;10,0;44;71,0;23,0;3;5;4;4;10;Sim;83,333333
PQ-2025-0206;23/05/2025;3;Espinheiro;Tarde;Balcão;Masculino;25 a 34;25;Mensal;3;12,91;15,0;5;69,0;24,4;4;3;4;3;7;Sim;65,000000
PQ-2025-0207;11/02/2025;2;Casa Forte;Tarde;Balcão;Prefiro não informar;35 a 44;40;Semanal;2;21,84;6,3;41;59,7;23,6;5;4;4;4;7;Sim;77,500000
PQ-2025-0208;09/02/2025;3;Espinheiro;Tarde;Balcão;Feminino;45 a 59;50;Diária;3;23,95;5,0;19;62,0;23,9;4;5;5;3;8;Sim;80,833333
PQ-2025-0209;18/03/2025;2;Casa Forte;Manhã;Balcão;Masculino;60 ou mais;62;Semanal;2;17,49;12,5;50;68,3;22,9;4;4;4;4;8;Sim;76,666667
PQ-2025-0210;11/06/2025;1;Boa Viagem;Tarde;Balcão;Feminino;35 a 44;35;Quinzenal;2;42,05;16,7;26;71,0;24,7;2;3;4;3;7;Sim;56,666667
PQ-2025-0211;10/05/2025;1;Boa Viagem;Tarde;Balcão;Masculino;45 a 59;53;Primeira vez;2;26,86;10,1;18;67,0;22,3;3;5;4;4;7;Sim;73,333333
PQ-2025-0212;10/05/2025;1;Boa Viagem;Noite;App;Feminino;25 a 34;30;Semanal;2;32,57;19,5;26;69,9;25,7;2;4;4;4;5;Não;58,333333
PQ-2025-0213;07/06/2025;4;Recife Antigo;Tarde;Balcão;Feminino;25 a 34;30;Primeira vez;4;26,20;5,0;76;64,0;23,5;4;4;4;4;6;Não;70,000000
PQ-2025-0214;13/06/2025;4;Recife Antigo;Tarde;Balcão;Feminino;45 a 59;52;Quinzenal;2;19,43;5,0;40;73,0;25,2;3;3;4;3;8;Sim;64,166667
PQ-2025-0215;11/06/2025;3;Espinheiro;Manhã;Balcão;Feminino;18 a 24;20;Mensal;2;18,72;5,0;42;69,0;22,4;4;5;3;3;8;Sim;72,500000
PQ-2025-0216;08/03/2025;4;Recife Antigo;Noite;App;Feminino;35 a 44;35;Quinzenal;2;13,51;10,0;54;61,0;22,7;5;4;4;3;7;Sim;73,333333
PQ-2025-0217;27/06/2025;1;Boa Viagem;Manhã;Balcão;Masculino;35 a 44;40;Diária;2;42,85;11,1;56;59,3;23,7;4;4;5;;8;Sim;80,833333
PQ-2025-0218;24/03/2025;1;Boa Viagem;Tarde;Balcão;Masculino;25 a 34;25;Mensal;4;27,70;4,6;46;66,3;22,9;4;5;4;3;6;Sim;70,000000
PQ-2025-0219;05/06/2025;3;Espinheiro;Noite;Balcão;Masculino;25 a 34;30;Semanal;1;24,64;10,0;14;73,0;22,4;3;4;5;4;10;Sim;83,333333
PQ-2025-0220;25/05/2025;3;Espinheiro;Tarde;Balcão;Prefiro não informar;45 a 59;;Primeira vez;2;22,06;5,0;20;71,0;22,7;4;5;4;4;7;Sim;77,500000
PQ-2025-0221;25/03/2025;2;Casa Forte;Noite;App;Prefiro não informar;35 a 44;40;Mensal;3;21,63;11,5;39;68,3;23,5;4;4;5;;9;Sim;84,166667
PQ-2025-0222;27/01/2025;2;Casa Forte;Tarde;Balcão;Masculino;45 a 59;48;Mensal;2;15,23;18,2;51;68,2;22,3;3;4;4;5;8;Sim;76,666667
PQ-2025-0223;09/01/2025;4;Recife Antigo;Tarde;Balcão;Feminino;25 a 34;30;Primeira vez;2;24,76;15,0;31;63,0;23,4;3;5;4;2;5;Não;58,333333
PQ-2025-0224;21/06/2025;3;Espinheiro;Manhã;Balcão;Masculino;45 a 59;50;Diária;2;16,10;5,0;18;71,0;25,2;4;5;5;5;10;Sim;95,833333
PQ-2025-0225;30/03/2025;4;Recife Antigo;Noite;Balcão;Masculino;35 a 44;35;Quinzenal;2;19,62;5,0;58;60,0;21,1;5;4;4;3;7;Sim;73,333333
PQ-2025-0226;30/05/2025;4;Recife Antigo;Noite;Balcão;Feminino;25 a 34;30;Quinzenal;2;21,27;10,0;78;63,0;21,5;4;4;3;1;6;Sim;53,333333
PQ-2025-0227;10/06/2025;1;Boa Viagem;Noite;Balcão;Outro;25 a 34;30;Semanal;4;39,15;9,4;19;72,2;22,7;4;5;5;5;9;Sim;92,500000
PQ-2025-0228;23/01/2025;1;Boa Viagem;Manhã;App;Outro;45 a 59;50;Mensal;5;33,46;12,1;51;74,0;21,5;3;4;4;2;;Não;44,166667
PQ-2025-0229;15/03/2025;2;Casa Forte;Manhã;App;Prefiro não informar;18 a 24;20;Semanal;5;15,65;16,8;47;74,7;23,0;3;4;4;;10;Sim;79,166667
PQ-2025-0230;18/05/2025;3;Espinheiro;Tarde;Balcão;Feminino;45 a 59;45;Mensal;1;17,29;15,0;26;67,0;24,4;4;5;3;3;10;Sim;79,166667
PQ-2025-0231;18/02/2025;4;Recife Antigo;Tarde;Balcão;Feminino;45 a 59;55;Semanal;4;19,62;10,0;48;63,0;22,6;4;3;2;3;7;Sim;56,666667
PQ-2025-0232;20/05/2025;1;Boa Viagem;Tarde;Balcão;Feminino;18 a 24;20;Diária;3;26,59;12,4;43;68,7;21,7;3;5;4;3;5;Não;62,500000
PQ-2025-0233;03/04/2025;3;Espinheiro;Tarde;Delivery;Prefiro não informar;35 a 44;43;Quinzenal;4;28,38;5,0;37;71,0;24,3;4;5;4;4;8;Sim;80,833333
PQ-2025-0234;27/04/2025;1;Boa Viagem;Manhã;Balcão;Prefiro não informar;25 a 34;33;Semanal;4;32,17;17,9;33;59,3;23,2;4;5;4;5;10;Sim;91,666667
PQ-2025-0235;25/02/2025;1;Boa Viagem;Tarde;Balcão;Masculino;45 a 59;50;Semanal;3;27,92;17,5;19;62,3;22,8;3;4;4;3;7;Sim;65,000000
PQ-2025-0236;30/04/2025;2;Casa Forte;Noite;App;Masculino;35 a 44;40;Primeira vez;2;27,27;11,5;60;69,6;24,1;4;5;4;4;9;Sim;84,166667
PQ-2025-0237;09/03/2025;4;Recife Antigo;Noite;Balcão;Feminino;18 a 24;;Semanal;1;12,52;5,0;65;70,0;24,7;5;5;4;3;7;Sim;77,500000
PQ-2025-0238;19/06/2025;4;Recife Antigo;Noite;Delivery;Masculino;35 a 44;40;Diária;6;13,97;10,0;53;72,0;25,4;4;5;4;3;8;Sim;76,666667
PQ-2025-0239;08/01/2025;1;Boa Viagem;Noite;App;Masculino;25 a 34;25;Mensal;4;37,18;9,9;32;74,9;22,7;5;4;3;3;8;Sim;72,500000
PQ-2025-0240;25/03/2025;1;Boa Viagem;Manhã;App;Masculino;35 a 44;35;Diária;4;31,03;10,3;33;67,1;23,2;4;4;3;3;6;Sim;61,666667
PQ-2025-0241;09/05/2025;4;Recife Antigo;Tarde;Balcão;Masculino;35 a 44;35;Quinzenal;8;16,81;20,0;50;63,0;22,4;1;4;5;3;9;Sim;67,500000
PQ-2025-0242;03/03/2025;1;Boa Viagem;Noite;Balcão;Feminino;25 a 34;30;Diária;2;22,73;18,5;43;71,3;22,6;1;4;3;3;4;Não;42,500000
PQ-2025-0243;11/02/2025;1;Boa Viagem;Manhã;Balcão;Masculino;60 ou mais;60;Semanal;2;24,75;19,1;14;55,3;22,0;2;4;4;4;7;Sim;65,000000
PQ-2025-0244;14/06/2025;2;Casa Forte;Tarde;App;Feminino;45 a 59;50;Mensal;4;10,81;9,8;25;76,6;19,5;3;4;2;4;7;Sim;60,833333
PQ-2025-0245;08/03/2025;2;Casa Forte;Noite;Balcão;Masculino;25 a 34;32;Semanal;2;24,84;9,4;50;75,2;25,6;5;5;4;3;10;Sim;87,500000
PQ-2025-0246;06/05/2025;1;Boa Viagem;Manhã;Balcão;Masculino;25 a 34;30;Primeira vez;5;31,75;10,7;22;69,8;22,6;3;4;4;5;8;Sim;76,666667
PQ-2025-0247;21/04/2025;1;Boa Viagem;Noite;Delivery;Masculino;35 a 44;35;Semanal;1;34,96;11,7;30;69,7;25,9;4;3;5;5;8;Sim;80,833333
PQ-2025-0248;28/01/2025;3;Espinheiro;Manhã;Balcão;Masculino;18 a 24;20;Diária;1;11,07;10,0;42;60,0;23,1;4;4;5;3;8;Sim;76,666667
PQ-2025-0249;08/06/2025;3;Espinheiro;Noite;Balcão;Feminino;25 a 34;30;Semanal;3;19,21;5,0;19;;25,3;5;4;5;5;10;Sim;95,833333
PQ-2025-0250;16/02/2025;1;Boa Viagem;Noite;App;Masculino;18 a 24;20;Mensal;4;36,58;10,0;45;69,0;23,4;4;5;3;3;8;Sim;72,500000
PQ-2025-0251;10/03/2025;3;Espinheiro;Tarde;App;Outro;60 ou mais;60;Primeira vez;3;12,95;5,0;28;71,0;22,6;3;4;4;4;7;Sim;69,166667
PQ-2025-0252;09/01/2025;4;Recife Antigo;Manhã;Balcão;Feminino;25 a 34;30;Semanal;2;14,38;10,0;57;67,0;26,1;3;5;5;3;7;Sim;73,333333
PQ-2025-0253;01/05/2025;4;Recife Antigo;Tarde;Balcão;Prefiro não informar;45 a 59;50;Primeira vez;2;27,71;5,0;65;74,0;25,3;4;5;5;3;10;Sim;87,500000
PQ-2025-0254;28/05/2025;3;Espinheiro;Noite;Balcão;Masculino;45 a 59;55;Mensal;2;18,46;5,0;31;71,0;24,5;4;4;3;5;7;Sim;73,333333
PQ-2025-0255;21/05/2025;1;Boa Viagem;Manhã;App;Feminino;25 a 34;34;Mensal;2;37,54;8,3;38;68,7;24,8;4;4;4;4;4;Não;63,333333
PQ-2025-0256;10/06/2025;3;Espinheiro;Tarde;App;Feminino;60 ou mais;60;Mensal;3;24,97;5,0;34;70,0;22,8;4;3;4;5;8;Sim;76,666667
PQ-2025-0257;25/02/2025;2;Casa Forte;Manhã;Balcão;Feminino;25 a 34;30;Semanal;5;29,84;7,0;49;65,2;22,3;5;4;4;3;6;Sim;70,000000
PQ-2025-0258;29/03/2025;3;Espinheiro;Tarde;Balcão;Masculino;25 a 34;30;Diária;3;11,31;5,0;31;67,0;24,5;5;3;4;4;8;Sim;76,666667
PQ-2025-0259;17/06/2025;2;Casa Forte;Noite;Balcão;Masculino;25 a 34;30;Primeira vez;3;31,87;7,9;54;64,1;24,1;4;4;5;4;7;Sim;77,500000
PQ-2025-0260;18/02/2025;1;Boa Viagem;Noite;Balcão;Feminino;45 a 59;47;Semanal;2;31,43;10,5;35;75,6;21,4;3;3;5;3;7;Sim;65,000000
PQ-2025-0261;01/06/2025;4;Recife Antigo;Noite;App;Feminino;45 a 59;47;Diária;3;23,39;10,0;62;64,0;23,7;4;5;5;2;7;Sim;73,333333
PQ-2025-0262;19/02/2025;3;Espinheiro;Tarde;Balcão;Masculino;18 a 24;23;Primeira vez;2;23,25;5,0;20;74,0;25,1;3;3;4;4;6;Não;61,666667
PQ-2025-0263;05/02/2025;4;Recife Antigo;Tarde;Balcão;Feminino;45 a 59;50;Primeira vez;2;16,69;10,0;48;66,0;24,0;4;4;5;3;9;Sim;80,000000
PQ-2025-0264;16/03/2025;1;Boa Viagem;Tarde;Balcão;Feminino;35 a 44;36;Primeira vez;4;24,00;12,0;43;61,9;21,1;3;5;4;3;6;Não;65,833333
PQ-2025-0265;05/06/2025;3;Espinheiro;Manhã;App;Masculino;45 a 59;50;Semanal;2;15,29;5,0;23;69,0;23,7;2;5;5;3;7;Sim;69,166667
PQ-2025-0266;28/05/2025;2;Casa Forte;Manhã;Balcão;Feminino;45 a 59;47;Semanal;5;22,97;8,9;55;64,2;22,1;5;3;4;4;9;Sim;80,000000
PQ-2025-0267;11/01/2025;1;Boa Viagem;Tarde;Delivery;Feminino;45 a 59;45;Mensal;4;18,70;13,1;15;66,8;23,6;3;5;5;2;8;Sim;72,500000
PQ-2025-0268;14/03/2025;4;Recife Antigo;Noite;App;Feminino;25 a 34;28;Quinzenal;1;13,15;15,0;70;62,0;26,4;3;5;3;3;7;Sim;65,000000
PQ-2025-0269;27/04/2025;2;Casa Forte;Noite;Delivery;Feminino;25 a 34;30;Semanal;3;34,84;11,4;40;65,5;22,7;4;5;3;4;8;Sim;76,666667
PQ-2025-0270;19/02/2025;1;Boa Viagem;Noite;Balcão;Feminino;25 a 34;25;Mensal;3;32,44;2,9;29;67,5;24,8;4;5;5;2;7;Sim;73,333333
PQ-2025-0271;24/04/2025;3;Espinheiro;Noite;Balcão;Feminino;18 a 24;23;Mensal;5;25,05;5,0;33;63,0;23,3;4;5;4;4;10;Sim;87,500000
PQ-2025-0272;17/01/2025;3;Espinheiro;Tarde;Delivery;Masculino;35 a 44;36;Semanal;2;22,53;5,0;45;68,0;23,0;3;5;3;4;8;Sim;72,500000
PQ-2025-0273;25/06/2025;4;Recife Antigo;Noite;Balcão;Prefiro não informar;18 a 24;20;Quinzenal;3;17,41;5,0;36;73,0;22,0;5;5;4;1;4;Não;59,166667
PQ-2025-0274;13/03/2025;4;Recife Antigo;Noite;App;Prefiro não informar;18 a 24;23;Primeira vez;2;22,76;10,0;80;62,0;24,8;4;5;4;2;8;Sim;72,500000
PQ-2025-0275;15/02/2025;3;Espinheiro;Tarde;Balcão;Masculino;18 a 24;20;Semanal;3;32,26;10,0;28;61,0;24,0;4;4;5;4;10;Sim;87,500000
PQ-2025-0276;01/06/2025;2;Casa Forte;Tarde;Balcão;Feminino;25 a 34;30;Mensal;3;31,63;4,6;44;66,4;23,5;4;5;4;3;6;Não;70,000000
PQ-2025-0277;29/01/2025;3;Espinheiro;Noite;Delivery;Feminino;25 a 34;30;Mensal;2;10,88;5,0;39;68,0;24,2;4;4;4;4;10;Sim;83,333333
PQ-2025-0278;05/04/2025;4;Recife Antigo;Tarde;Balcão;Masculino;60 ou mais;65;Primeira vez;2;14,64;5,0;46;72,0;20,4;4;5;4;4;9;Sim;84,166667
PQ-2025-0279;07/04/2025;2;Casa Forte;Manhã;Balcão;Outro;35 a 44;;Primeira vez;1;28,42;4,7;19;66,9;23,2;5;5;3;4;8;Sim;80,833333
PQ-2025-0280;26/06/2025;4;Recife Antigo;Noite;Balcão;Feminino;25 a 34;30;Semanal;2;20,00;10,0;63;71,0;23,3;4;5;3;4;7;Sim;73,333333
PQ-2025-0281;06/02/2025;3;Espinheiro;Tarde;Balcão;Feminino;35 a 44;41;Primeira vez;6;19,18;5,0;5;66,0;23,7;3;4;4;5;9;Sim;80,000000
PQ-2025-0282;16/01/2025;1;Boa Viagem;Noite;Balcão;Masculino;18 a 24;21;Mensal;5;31,00;11,1;5;77,4;25,9;3;5;5;3;8;Sim;76,666667
PQ-2025-0283;27/03/2025;4;Recife Antigo;Manhã;Balcão;Masculino;18 a 24;20;Quinzenal;1;20,68;10,0;43;59,0;23,3;3;5;3;4;10;Sim;79,166667
PQ-2025-0284;12/05/2025;1;Boa Viagem;Manhã;Balcão;Feminino;25 a 34;25;Quinzenal;2;29,59;9,5;62;70,8;23,7;3;3;2;3;5;Não;45,833333
PQ-2025-0285;02/06/2025;4;Recife Antigo;Noite;Delivery;Feminino;18 a 24;20;Quinzenal;3;16,87;10,0;54;71,0;25,1;2;5;5;5;6;Sim;74,166667
PQ-2025-0286;05/02/2025;3;Espinheiro;Tarde;Balcão;Prefiro não informar;25 a 34;30;Quinzenal;2;14,16;5,0;32;67,0;23,2;3;5;4;4;6;Não;70,000000
PQ-2025-0287;01/04/2025;2;Casa Forte;Noite;App;Feminino;35 a 44;35;Semanal;1;27,55;3,7;26;71,1;23,4;5;3;3;3;5;Não;58,333333
PQ-2025-0288;23/03/2025;4;Recife Antigo;Noite;Balcão;Feminino;60 ou mais;60;Mensal;2;20,92;5,0;64;64,0;22,7;5;4;4;3;9;Sim;80,000000
PQ-2025-0289;27/04/2025;4;Recife Antigo;Manhã;Balcão;Feminino;35 a 44;40;Diária;2;9,18;10,0;70;58,0;25,9;5;4;4;4;8;Sim;80,833333
PQ-2025-0290;18/02/2025;1;Boa Viagem;Manhã;Balcão;Masculino;35 a 44;40;Primeira vez;2;31,24;7,9;36;70,9;23,2;3;3;4;3;6;Sim;57,500000
PQ-2025-0291;13/06/2025;4;Recife Antigo;Manhã;Balcão;Masculino;25 a 34;30;Semanal;2;30,75;10,0;78;59,0;24,2;4;5;5;3;8;Sim;80,833333
PQ-2025-0292;18/01/2025;2;Casa Forte;Tarde;Balcão;Feminino;45 a 59;45;Diária;2;26,68;10,6;41;66,9;24,0;4;4;4;3;8;Sim;72,500000
PQ-2025-0293;01/03/2025;1;Boa Viagem;Tarde;App;Prefiro não informar;45 a 59;50;Mensal;2;27,74;17,4;39;69,5;24,3;3;4;5;2;8;Sim;68,333333
PQ-2025-0294;22/03/2025;4;Recife Antigo;Noite;App;Feminino;18 a 24;20;Primeira vez;1;14,27;5,0;57;62,0;24,7;5;5;4;4;10;Sim;91,666667
PQ-2025-0295;19/04/2025;4;Recife Antigo;Manhã;App;Feminino;18 a 24;18;Quinzenal;3;21,23;15,0;67;71,0;25,2;1;4;3;3;3;Não;39,166667
PQ-2025-0296;20/02/2025;1;Boa Viagem;Tarde;Balcão;Feminino;18 a 24;20;Quinzenal;2;12,83;7,6;47;69,9;25,8;3;4;5;2;5;Não;58,333333
PQ-2025-0297;30/01/2025;1;Boa Viagem;Manhã;Balcão;Masculino;60 ou mais;60;Quinzenal;3;26,52;5,7;46;75,5;26,8;4;4;4;5;7;Sim;77,500000
PQ-2025-0298;25/04/2025;2;Casa Forte;Tarde;Balcão;Feminino;45 a 59;46;Mensal;3;20,23;7,7;82;73,4;22,8;5;5;3;3;8;Sim;76,666667
PQ-2025-0299;16/05/2025;4;Recife Antigo;Noite;Balcão;Masculino;60 ou mais;60;Diária;2;9,69;5,0;59;70,0;25,6;4;5;3;4;9;Sim;80,000000
PQ-2025-0300;15/04/2025;3;Espinheiro;Manhã;Balcão;Feminino;45 a 59;50;Primeira vez;1;17,79;5,0;14;;24,2;5;5;3;5;9;Sim;88,333333
PQ-2025-0301;04/06/2025;2;Casa Forte;Tarde;App;Feminino;35 a 44;40;Quinzenal;3;18,92;9,2;50;66,8;25,8;4;5;5;5;9;Sim;92,500000
PQ-2025-0302;02/02/2025;3;Espinheiro;Tarde;Delivery;Masculino;35 a 44;40;Primeira vez;4;20,06;5,0;17;75,0;23,9;5;4;5;4;6;Não;78,333333
PQ-2025-0303;03/03/2025;1;Boa Viagem;Tarde;Balcão;Masculino;18 a 24;20;Quinzenal;3;23,00;8,0;35;66,5;26,4;3;5;4;4;9;Sim;80,000000
PQ-2025-0304;22/03/2025;1;Boa Viagem;Manhã;Delivery;Feminino;18 a 24;20;Primeira vez;3;21,45;21,1;44;71,6;24,1;3;4;4;3;7;Sim;65,000000
PQ-2025-0305;07/02/2025;1;Boa Viagem;Tarde;Balcão;Masculino;35 a 44;40;Semanal;2;24,55;5,5;44;62,0;26,4;3;5;4;4;10;Sim;83,333333
PQ-2025-0306;11/01/2025;1;Boa Viagem;Manhã;Balcão;Masculino;35 a 44;40;Mensal;4;9,70;7,6;50;77,3;22,6;4;5;4;3;6;Sim;70,000000
PQ-2025-0307;29/01/2025;1;Boa Viagem;Manhã;Balcão;Feminino;35 a 44;37;Semanal;3;29,50;12,8;44;67,7;23,9;4;5;4;2;9;Sim;75,833333
PQ-2025-0308;18/04/2025;1;Boa Viagem;Noite;Balcão;Outro;25 a 34;25;Mensal;2;28,61;20,4;16;65,4;25,1;3;4;5;4;8;Sim;76,666667
PQ-2025-0309;18/04/2025;4;Recife Antigo;Manhã;Balcão;Feminino;25 a 34;30;Mensal;2;6,00;15,0;40;66,0;24,3;3;5;4;3;10;Sim;79,166667
PQ-2025-0310;23/04/2025;3;Espinheiro;Noite;App;Masculino;45 a 59;49;Semanal;2;15,51;5,0;33;63,0;23,9;4;4;5;;7;Sim;73,333333
PQ-2025-0311;12/03/2025;3;Espinheiro;Tarde;App;Masculino;45 a 59;55;Quinzenal;1;23,62;10,0;26;68,0;20,3;4;5;5;3;8;Sim;80,833333
PQ-2025-0312;20/06/2025;2;Casa Forte;Tarde;App;Masculino;35 a 44;42;Semanal;4;31,76;3,5;42;74,8;24,5;5;4;4;3;6;Não;70,000000
PQ-2025-0313;03/05/2025;3;Espinheiro;Tarde;Balcão;Feminino;18 a 24;20;Mensal;4;19,45;5,0;33;73,0;22,3;5;3;4;4;6;Sim;70,000000
PQ-2025-0314;10/03/2025;1;Boa Viagem;Tarde;Balcão;Feminino;35 a 44;40;Semanal;6;38,66;5,0;48;71,2;22,9;5;4;3;3;7;Sim;69,166667
PQ-2025-0315;04/06/2025;2;Casa Forte;Noite;Balcão;Masculino;18 a 24;20;Mensal;2;23,06;6,6;46;66,3;23,6;5;3;4;3;8;Sim;72,500000
PQ-2025-0316;31/03/2025;1;Boa Viagem;Tarde;App;Masculino;45 a 59;50;Semanal;3;22,03;5,0;30;77,4;23,9;5;4;4;5;10;Sim;91,666667
PQ-2025-0317;01/06/2025;2;Casa Forte;Tarde;App;Feminino;45 a 59;55;Diária;3;6,00;6,2;35;76,8;22,8;5;4;4;4;7;Sim;77,500000
PQ-2025-0318;16/05/2025;2;Casa Forte;Noite;Balcão;Feminino;18 a 24;20;Mensal;2;13,95;8,0;63;72,5;23,8;5;5;5;5;10;Sim;100,000000
PQ-2025-0319;24/05/2025;4;Recife Antigo;Manhã;Balcão;Feminino;35 a 44;40;Semanal;2;16,03;20,0;75;73,0;21,1;4;4;5;3;9;Sim;80,000000
PQ-2025-0320;25/04/2025;2;Casa Forte;Manhã;Balcão;Masculino;35 a 44;40;Semanal;2;21,95;9,4;37;70,7;23,5;5;4;2;4;7;Sim;69,166667
PQ-2025-0321;24/01/2025;1;Boa Viagem;Manhã;Balcão;Masculino;60 ou mais;60;Mensal;3;23,92;12,7;28;68,0;22,3;4;5;4;3;9;Sim;80,000000
PQ-2025-0322;19/01/2025;2;Casa Forte;Manhã;Balcão;Masculino;25 a 34;30;Primeira vez;3;29,00;6,8;42;66,9;25,4;5;4;3;5;9;Sim;84,166667
PQ-2025-0323;18/02/2025;1;Boa Viagem;Noite;Balcão;Outro;60 ou mais;65;Semanal;5;43,62;6,2;43;72,1;22,6;4;4;5;4;7;Sim;77,500000
PQ-2025-0324;13/05/2025;2;Casa Forte;Manhã;Balcão;Masculino;25 a 34;30;Mensal;1;26,02;8,6;43;73,4;26,8;4;5;4;4;9;Sim;84,166667
PQ-2025-0325;25/05/2025;1;Boa Viagem;Tarde;App;Masculino;25 a 34;34;Semanal;3;27,24;10,4;13;66,7;21,6;4;5;5;4;9;Sim;88,333333
PQ-2025-0326;26/03/2025;2;Casa Forte;Manhã;Delivery;Feminino;45 a 59;50;Semanal;4;14,00;12,5;11;73,3;22,8;3;4;3;4;3;Não;51,666667
PQ-2025-0327;19/01/2025;4;Recife Antigo;Manhã;Balcão;Feminino;25 a 34;30;Semanal;3;21,49;5,0;49;;25,5;4;4;5;2;6;Não;65,833333
PQ-2025-0328;12/05/2025;2;Casa Forte;Tarde;Balcão;Masculino;35 a 44;40;Quinzenal;1;8,39;22,1;36;70,9;22,8;3;4;5;4;6;Sim;70,000000
PQ-2025-0329;27/01/2025;2;Casa Forte;Manhã;Balcão;Masculino;45 a 59;55;Semanal;4;28,47;5,6;17;65,2;25,0;5;5;5;5;10;Sim;100,000000
PQ-2025-0330;19/06/2025;1;Boa Viagem;Tarde;App;Prefiro não informar;45 a 59;50;Primeira vez;3;19,77;19,8;35;66,2;23,1;3;5;3;3;6;Sim;61,666667
PQ-2025-0331;18/02/2025;1;Boa Viagem;Manhã;App;Outro;35 a 44;40;Primeira vez;3;27,48;15,8;21;70,9;24,0;2;4;4;2;4;Não;46,666667
PQ-2025-0332;06/05/2025;2;Casa Forte;Noite;Balcão;Feminino;45 a 59;50;Semanal;2;12,07;3,1;58;72,1;22,7;4;4;4;5;8;Sim;80,833333
PQ-2025-0333;20/04/2025;4;Recife Antigo;Manhã;Balcão;Feminino;25 a 34;25;Semanal;3;22,92;10,0;51;65,0;25,9;5;4;4;;9;Sim;84,166667
PQ-2025-0334;16/02/2025;4;Recife Antigo;Tarde;Balcão;Masculino;18 a 24;20;Primeira vez;3;31,25;5,0;78;65,0;23,5;4;5;4;2;7;Sim;69,166667
PQ-2025-0335;30/05/2025;2;Casa Forte;Tarde;Delivery;Feminino;35 a 44;40;Mensal;2;27,22;6,8;62;60,3;23,1;4;4;5;4;10;Sim;87,500000
PQ-2025-0336;21/03/2025;4;Recife Antigo;Manhã;Balcão;Feminino;35 a 44;;Quinzenal;2;21,40;20,0;66;68,0;22,2;1;4;4;3;5;Não;50,000000
PQ-2025-0337;14/02/2025;2;Casa Forte;Noite;Balcão;Feminino;45 a 59;50;Primeira vez;1;16,47;3,4;34;67,0;24,5;5;4;4;3;8;Sim;76,666667
PQ-2025-0338;05/03/2025;3;Espinheiro;Tarde;Balcão;Prefiro não informar;45 a 59;50;Semanal;3;16,68;10,0;19;71,0;23,7;4;5;5;3;7;Sim;77,500000
PQ-2025-0339;02/03/2025;2;Casa Forte;Manhã;Balcão;Masculino;35 a 44;35;Quinzenal;3;8,59;4,2;50;69,9;20,5;4;5;5;4;7;Sim;81,666667
PQ-2025-0340;13/05/2025;4;Recife Antigo;Noite;Balcão;Masculino;35 a 44;35;Diária;1;12,81;5,0;49;68,0;25,4;4;5;4;4;8;Sim;80,833333
PQ-2025-0341;03/02/2025;3;Espinheiro;Tarde;Balcão;Feminino;25 a 34;30;Mensal;2;18,76;5,0;24;66,0;20,7;5;5;4;2;8;Sim;76,666667
PQ-2025-0342;29/01/2025;2;Casa Forte;Noite;Balcão;Feminino;25 a 34;26;Quinzenal;1;31,50;12,3;39;65,6;24,4;3;4;3;5;7;Sim;69,166667
PQ-2025-0343;27/04/2025;3;Espinheiro;Manhã;App;Feminino;35 a 44;40;Semanal;3;22,15;5,0;24;61,0;19,8;3;3;5;3;8;Sim;68,333333
PQ-2025-0344;25/03/2025;4;Recife Antigo;Tarde;Balcão;Feminino;35 a 44;35;Diária;1;20,22;10,0;29;70,0;24,9;5;4;3;4;7;Sim;73,333333
PQ-2025-0345;28/05/2025;4;Recife Antigo;Manhã;Balcão;Masculino;45 a 59;;Diária;4;29,29;10,0;87;73,0;24,4;4;3;4;3;4;Não;55,000000
PQ-2025-0346;04/05/2025;1;Boa Viagem;Manhã;App;Masculino;35 a 44;35;Mensal;1;20,57;7,6;71;67,2;22,4;2;4;3;3;;Sim;53,333333
PQ-2025-0347;25/06/2025;1;Boa Viagem;Tarde;Balcão;Masculino;18 a 24;20;Quinzenal;2;29,49;4,7;43;69,6;24,6;3;4;4;4;6;Não;65,833333
PQ-2025-0348;23/03/2025;2;Casa Forte;Tarde;Balcão;Feminino;25 a 34;30;Semanal;2;18,41;11,6;16;65,8;24,2;4;5;4;3;10;Sim;83,333333
PQ-2025-0349;11/03/2025;3;Espinheiro;Manhã;Balcão;Masculino;25 a 34;;Diária;3;10,82;5,0;45;;25,6;5;4;4;4;;Sim;80,833333
PQ-2025-0350;02/02/2025;3;Espinheiro;Tarde;App;Masculino;45 a 59;45;Primeira vez;3;23,71;5,0;33;67,0;24,4;4;5;5;;10;Sim;95,833333
PQ-2025-0351;01/06/2025;2;Casa Forte;Tarde;Balcão;Prefiro não informar;35 a 44;40;Quinzenal;2;17,61;7,4;36;68,2;22,5;4;5;5;4;10;Sim;91,666667
PQ-2025-0352;22/06/2025;1;Boa Viagem;Tarde;Balcão;Feminino;18 a 24;24;Mensal;1;25,75;19,5;44;63,2;25,6;3;4;4;2;8;Sim;64,166667
PQ-2025-0353;17/05/2025;2;Casa Forte;Tarde;Balcão;Masculino;35 a 44;35;Primeira vez;2;21,60;6,7;33;70,4;24,6;4;4;4;3;6;Sim;65,833333
PQ-2025-0354;29/05/2025;1;Boa Viagem;Manhã;Balcão;Feminino;18 a 24;20;Mensal;4;25,34;10,2;36;60,6;24,7;4;5;5;4;9;Sim;88,333333
PQ-2025-0355;23/05/2025;2;Casa Forte;Tarde;Balcão;Masculino;25 a 34;25;Diária;4;24,03;5,0;66;71,7;21,9;5;5;4;5;8;Sim;89,166667
PQ-2025-0356;09/02/2025;1;Boa Viagem;Tarde;App;Prefiro não informar;35 a 44;35;Mensal;2;34,17;10,1;36;66,5;24,4;3;5;5;4;8;Sim;80,833333
PQ-2025-0357;23/02/2025;1;Boa Viagem;Tarde;Balcão;Masculino;35 a 44;38;Primeira vez;6;24,83;9,2;22;64,0;22,1;5;5;5;3;;Sim;91,666667
PQ-2025-0358;07/03/2025;1;Boa Viagem;Manhã;Balcão;Feminino;35 a 44;40;Primeira vez;2;26,88;15,3;5;63,3;24,6;4;4;4;3;7;Sim;69,166667
PQ-2025-0359;12/05/2025;1;Boa Viagem;Tarde;Balcão;Feminino;18 a 24;18;Diária;3;35,10;17,3;58;68,8;28,0;4;4;4;3;7;Sim;69,166667
PQ-2025-0360;13/05/2025;2;Casa Forte;Tarde;App;Feminino;18 a 24;23;Mensal;6;25,87;9,6;51;67,2;21,7;4;4;4;4;;Sim;80,000000
PQ-2025-0361;11/03/2025;4;Recife Antigo;Tarde;App;Masculino;35 a 44;40;Semanal;2;26,22;10,0;55;68,0;23,9;5;5;4;;9;Sim;80,000000
PQ-2025-0362;08/03/2025;3;Espinheiro;Noite;App;Feminino;25 a 34;28;Mensal;2;15,04;10,0;42;61,0;22,9;3;4;4;4;5;Não;62,500000
PQ-2025-0363;01/03/2025;1;Boa Viagem;Noite;Balcão;Feminino;45 a 59;55;Quinzenal;2;22,26;18,6;15;75,0;20,5;3;4;4;4;7;Sim;69,166667
PQ-2025-0364;18/02/2025;3;Espinheiro;Manhã;Balcão;Masculino;45 a 59;55;Semanal;2;14,68;5,0;33;73,0;21,8;5;5;4;4;9;Sim;88,333333
PQ-2025-0365;27/05/2025;1;Boa Viagem;Noite;Balcão;Masculino;18 a 24;18;Quinzenal;3;27,91;9,3;36;67,3;27,7;4;4;4;3;6;Não;65,833333
PQ-2025-0366;14/02/2025;1;Boa Viagem;Tarde;App;Feminino;45 a 59;50;Quinzenal;4;38,94;2,9;36;67,0;22,6;5;5;4;3;6;Sim;74,166667
PQ-2025-0367;20/04/2025;3;Espinheiro;Manhã;Balcão;Feminino;18 a 24;19;Diária;1;17,69;5,0;35;72,0;26,2;5;5;4;5;10;Sim;95,833333
PQ-2025-0368;18/05/2025;3;Espinheiro;Tarde;Balcão;Masculino;45 a 59;50;Primeira vez;1;21,40;5,0;30;64,0;25,0;4;5;4;4;10;Sim;87,500000
PQ-2025-0369;27/06/2025;3;Espinheiro;Tarde;Balcão;Masculino;35 a 44;;Mensal;2;24,11;5,0;38;75,0;22,0;4;3;4;3;4;Não;55,000000
PQ-2025-0370;20/01/2025;1;Boa Viagem;Tarde;Balcão;Masculino;25 a 34;30;Primeira vez;2;40,64;23,1;38;64,0;20,6;4;5;5;2;8;Sim;76,666667
PQ-2025-0371;09/02/2025;1;Boa Viagem;Tarde;Balcão;Feminino;45 a 59;45;Semanal;4;26,09;7,2;49;74,1;20,8;3;5;5;5;8;Sim;85,000000
PQ-2025-0372;04/04/2025;3;Espinheiro;Tarde;Balcão;Outro;35 a 44;40;Primeira vez;2;13,99;10,0;18;73,0;24,3;3;5;5;4;9;Sim;84,166667
PQ-2025-0373;12/06/2025;1;Boa Viagem;Manhã;Balcão;Feminino;45 a 59;45;Mensal;1;26,48;22,4;41;72,6;24,6;3;5;3;3;7;Sim;65,000000
PQ-2025-0374;17/03/2025;1;Boa Viagem;Noite;Balcão;Feminino;35 a 44;40;Quinzenal;4;13,13;7,4;22;66,5;25,1;3;4;4;3;6;Sim;61,666667
PQ-2025-0375;06/01/2025;2;Casa Forte;Tarde;Balcão;Feminino;35 a 44;40;Mensal;3;11,69;4,6;43;61,0;22,5;4;5;5;5;7;Sim;85,833333
PQ-2025-0376;16/03/2025;4;Recife Antigo;Manhã;Balcão;Feminino;25 a 34;30;Primeira vez;5;26,21;10,0;24;65,0;24,5;5;4;4;;9;Sim;84,166667
PQ-2025-0377;15/05/2025;3;Espinheiro;Noite;Balcão;Masculino;45 a 59;50;Diária;2;13,62;5,0;41;68,0;28,6;5;4;2;4;6;Não;65,833333
PQ-2025-0378;01/05/2025;3;Espinheiro;Tarde;Balcão;Masculino;45 a 59;45;Diária;1;9,42;5,0;27;82,0;23,0;5;5;5;5;10;Sim;100,000000
PQ-2025-0379;17/01/2025;3;Espinheiro;Tarde;Balcão;Masculino;25 a 34;30;Primeira vez;3;7,93;5,0;37;60,0;20,6;4;3;3;3;5;Não;54,166667
PQ-2025-0380;02/04/2025;4;Recife Antigo;Noite;Balcão;Masculino;35 a 44;35;Primeira vez;2;13,26;5,0;64;70,0;22,2;4;4;4;4;6;Não;70,000000
PQ-2025-0381;02/02/2025;1;Boa Viagem;Manhã;Balcão;Masculino;25 a 34;30;Primeira vez;2;15,57;11,3;23;70,9;21,5;2;4;4;3;7;Sim;60,833333
PQ-2025-0382;23/06/2025;3;Espinheiro;Manhã;Balcão;Outro;45 a 59;50;Mensal;7;17,88;5,0;22;64,0;22,7;4;4;4;4;8;Sim;76,666667
PQ-2025-0383;19/03/2025;1;Boa Viagem;Tarde;App;Masculino;25 a 34;30;Primeira vez;3;20,89;20,0;28;66,5;22,6;2;3;4;3;6;Não;53,333333
PQ-2025-0384;02/06/2025;1;Boa Viagem;Tarde;Balcão;Prefiro não informar;25 a 34;30;Quinzenal;1;29,10;5,6;29;;24,1;4;4;4;4;6;Sim;70,000000
PQ-2025-0385;03/03/2025;1;Boa Viagem;Noite;Balcão;Feminino;18 a 24;22;Mensal;3;14,98;6,7;24;67,1;24,9;5;4;4;3;5;Não;66,666667
PQ-2025-0386;25/05/2025;2;Casa Forte;Tarde;Balcão;Feminino;35 a 44;40;Semanal;4;27,07;5,1;43;72,1;24,2;5;5;4;4;8;Sim;85,000000
PQ-2025-0387;06/04/2025;4;Recife Antigo;Noite;Balcão;Masculino;35 a 44;40;Diária;2;26,50;5,0;53;65,0;25,5;5;5;5;3;10;Sim;91,666667
PQ-2025-0388;18/05/2025;1;Boa Viagem;Tarde;Balcão;Masculino;35 a 44;37;Mensal;4;29,75;17,0;29;67,0;25,6;4;5;3;3;8;Sim;72,500000
PQ-2025-0389;06/04/2025;2;Casa Forte;Noite;App;Feminino;35 a 44;40;Semanal;1;17,62;17,0;27;67,8;23,3;3;4;5;;8;Sim;76,666667
PQ-2025-0390;14/01/2025;4;Recife Antigo;Manhã;Balcão;Feminino;25 a 34;30;Diária;2;21,32;5,0;85;65,0;20,4;4;4;5;4;10;Sim;87,500000
PQ-2025-0391;13/01/2025;2;Casa Forte;Manhã;Balcão;Masculino;25 a 34;30;Mensal;5;14,37;8,8;55;62,9;20,7;5;5;4;4;9;Sim;88,333333
PQ-2025-0392;18/04/2025;4;Recife Antigo;Noite;App;Prefiro não informar;18 a 24;18;Mensal;2;15,16;5,0;66;70,0;20,9;4;4;4;3;7;Sim;69,166667
PQ-2025-0393;09/02/2025;4;Recife Antigo;Noite;Balcão;Masculino;25 a 34;30;Mensal;2;18,11;5,0;60;71,0;23,7;5;4;4;4;8;Sim;80,833333
PQ-2025-0394;28/03/2025;2;Casa Forte;Noite;Balcão;Feminino;25 a 34;30;Mensal;1;28,90;9,8;47;66,0;20,1;4;4;4;4;8;Sim;76,666667
PQ-2025-0395;14/04/2025;3;Espinheiro;Manhã;App;Masculino;35 a 44;40;Diária;2;33,74;10,0;24;62,0;24,1;4;5;5;5;10;Sim;95,833333
PQ-2025-0396;16/04/2025;4;Recife Antigo;Noite;App;Prefiro não informar;18 a 24;23;Quinzenal;3;13,67;5,0;84;61,0;23,7;4;5;5;5;10;Sim;95,833333
PQ-2025-0397;22/02/2025;3;Espinheiro;Tarde;Balcão;Masculino;25 a 34;30;Semanal;2;19,89;5,0;34;63,0;21,7;4;4;5;4;5;Não;70,833333
PQ-2025-0398;05/05/2025;3;Espinheiro;Manhã;Balcão;Feminino;25 a 34;30;Quinzenal;2;23,49;5,0;31;77,0;21,0;3;4;5;5;10;Sim;87,500000
PQ-2025-0399;25/03/2025;4;Recife Antigo;Noite;Delivery;Feminino;45 a 59;52;Semanal;1;18,59;5,0;47;70,0;20,5;5;3;4;4;6;Sim;70,000000
PQ-2025-0400;23/04/2025;4;Recife Antigo;Noite;Balcão;Feminino;18 a 24;20;Diária;2;10,36;5,0;25;74,0;23,6;4;4;5;3;8;Sim;76,666667
PQ-2025-0401;01/02/2025;1;Boa Viagem;Manhã;Delivery;Prefiro não informar;25 a 34;25;Mensal;2;30,51;11,8;49;68,3;24,0;3;4;5;2;6;Sim;61,666667
PQ-2025-0402;27/01/2025;2;Casa Forte;Manhã;Balcão;Masculino;35 a 44;40;Quinzenal;1;13,20;11,4;67;70,3;25,2;3;3;5;3;5;Não;58,333333
PQ-2025-0403;07/03/2025;2;Casa Forte;Noite;Delivery;Outro;35 a 44;35;Mensal;2;37,34;4,1;30;64,3;24,3;5;4;5;3;9;Sim;84,166667
PQ-2025-0404;08/02/2025;4;Recife Antigo;Manhã;Balcão;Masculino;18 a 24;20;Quinzenal;3;27,09;15,0;35;61,0;26,5;3;5;5;3;9;Sim;80,000000
PQ-2025-0405;11/04/2025;1;Boa Viagem;Manhã;Delivery;Masculino;25 a 34;30;Mensal;1;11,43;10,2;55;76,4;23,2;3;5;4;4;9;Sim;80,000000
PQ-2025-0406;03/03/2025;1;Boa Viagem;Manhã;Balcão;Masculino;18 a 24;20;Primeira vez;5;30,36;4,4;27;59,4;21,9;5;4;4;3;10;Sim;83,333333
PQ-2025-0407;28/02/2025;3;Espinheiro;Noite;App;Masculino;35 a 44;43;Semanal;2;11,94;5,0;20;72,0;22,6;4;5;4;3;8;Sim;76,666667
PQ-2025-0408;01/04/2025;4;Recife Antigo;Tarde;Balcão;Masculino;18 a 24;20;Quinzenal;5;33,92;5,0;62;77,0;20,4;4;4;4;5;8;Sim;80,833333
PQ-2025-0409;08/04/2025;4;Recife Antigo;Manhã;App;Feminino;60 ou mais;60;Diária;2;16,31;15,0;76;67,0;22,9;5;5;5;4;10;Sim;95,833333
PQ-2025-0410;11/04/2025;1;Boa Viagem;Manhã;Balcão;Feminino;25 a 34;;Semanal;1;18,15;6,7;52;69,9;23,6;4;4;4;3;8;Sim;72,500000
PQ-2025-0411;10/06/2025;2;Casa Forte;Noite;App;Feminino;35 a 44;43;Semanal;3;20,55;5,4;55;69,0;21,6;4;4;4;4;8;Sim;76,666667
PQ-2025-0412;19/01/2025;3;Espinheiro;Manhã;Balcão;Masculino;18 a 24;20;Mensal;3;13,89;10,0;36;68,0;24,3;5;5;5;4;9;Sim;92,500000
PQ-2025-0413;15/05/2025;3;Espinheiro;Noite;App;Prefiro não informar;45 a 59;50;Diária;1;20,98;10,0;19;63,0;23,3;4;5;5;5;9;Sim;92,500000
PQ-2025-0414;15/01/2025;4;Recife Antigo;Manhã;App;Masculino;25 a 34;30;Semanal;2;17,56;5,0;94;65,0;25,1;5;4;4;3;8;Sim;76,666667
PQ-2025-0415;25/02/2025;2;Casa Forte;Manhã;Balcão;Feminino;18 a 24;20;Quinzenal;3;17,20;4,4;34;57,8;20,3;5;3;4;3;7;Sim;69,166667
PQ-2025-0416;06/04/2025;1;Boa Viagem;Noite;App;Masculino;45 a 59;50;Diária;3;24,69;6,8;51;71,1;21,5;5;4;4;2;5;Não;62,500000
PQ-2025-0417;16/04/2025;3;Espinheiro;Manhã;Delivery;Masculino;25 a 34;29;Quinzenal;4;31,24;5,0;32;65,0;21,3;3;4;4;4;5;Não;62,500000
PQ-2025-0418;12/05/2025;2;Casa Forte;Manhã;Balcão;Feminino;35 a 44;40;Diária;6;19,48;11,5;42;74,7;21,1;4;4;5;4;7;Sim;77,500000
PQ-2025-0419;20/02/2025;3;Espinheiro;Tarde;App;Masculino;45 a 59;;Mensal;2;24,18;5,0;33;67,0;24,4;5;4;5;4;9;Sim;88,333333
PQ-2025-0420;27/03/2025;1;Boa Viagem;Manhã;App;Feminino;18 a 24;;Diária;2;36,15;4,3;18;60,3;24,5;4;3;5;3;6;Não;65,833333
PQ-2025-0421;19/01/2025;3;Espinheiro;Manhã;Balcão;Feminino;45 a 59;;Diária;3;16,82;5,0;51;66,0;19,8;4;5;4;5;9;Sim;88,333333
PQ-2025-0422;13/05/2025;2;Casa Forte;Noite;Delivery;Masculino;45 a 59;50;Primeira vez;1;15,86;20,6;19;65,4;24,6;3;5;5;4;10;Sim;87,500000
PQ-2025-0423;20/03/2025;1;Boa Viagem;Tarde;App;Feminino;45 a 59;51;Diária;5;27,26;11,8;37;;25,9;3;5;5;3;10;Sim;83,333333
PQ-2025-0424;19/05/2025;4;Recife Antigo;Tarde;Balcão;Feminino;18 a 24;22;Primeira vez;7;16,24;10,0;62;65,0;23,5;5;4;5;3;;Sim;80,833333
PQ-2025-0425;07/04/2025;1;Boa Viagem;Noite;Balcão;Masculino;18 a 24;20;Quinzenal;4;21,06;22,1;35;63,7;24,1;2;5;3;2;6;Sim;53,333333
PQ-2025-0426;12/06/2025;1;Boa Viagem;Manhã;App;Feminino;45 a 59;55;Mensal;1;22,65;16,0;38;63,6;21,6;3;4;5;3;7;Sim;69,166667
PQ-2025-0427;10/02/2025;2;Casa Forte;Tarde;Balcão;Feminino;35 a 44;40;Primeira vez;2;31,46;8,3;42;73,6;21,8;3;5;4;2;7;Sim;65,000000
PQ-2025-0428;21/02/2025;2;Casa Forte;Tarde;Balcão;Feminino;45 a 59;50;Diária;2;28,20;7,7;39;62,9;24,9;4;5;3;4;7;Sim;73,333333
PQ-2025-0429;09/01/2025;4;Recife Antigo;Tarde;Balcão;Masculino;25 a 34;30;Semanal;4;15,82;5,0;77;69,0;23,4;5;4;2;2;6;Sim;57,500000
PQ-2025-0430;15/03/2025;2;Casa Forte;Manhã;Balcão;Feminino;35 a 44;40;Semanal;2;30,57;9,9;69;66,6;22,2;4;4;4;5;10;Sim;87,500000
PQ-2025-0431;07/04/2025;3;Espinheiro;Tarde;App;Masculino;60 ou mais;60;Quinzenal;4;17,30;5,0;24;70,0;22,3;4;5;4;3;8;Sim;76,666667
PQ-2025-0432;21/05/2025;1;Boa Viagem;Tarde;Delivery;Outro;18 a 24;20;Semanal;2;34,93;4,2;52;69,9;22,0;5;5;5;2;7;Sim;77,500000
PQ-2025-0433;16/04/2025;4;Recife Antigo;Tarde;Balcão;Feminino;60 ou mais;60;Diária;1;19,87;10,0;46;82,0;21,7;4;4;4;3;9;Sim;75,833333
PQ-2025-0434;26/05/2025;1;Boa Viagem;Manhã;Balcão;Masculino;45 a 59;;Quinzenal;4;18,55;27,0;13;58,1;21,8;2;5;3;4;4;Não;55,000000
PQ-2025-0435;27/05/2025;3;Espinheiro;Manhã;Balcão;Feminino;35 a 44;40;Semanal;2;17,09;10,0;10;61,0;24,5;5;4;5;4;9;Sim;88,333333
PQ-2025-0436;26/06/2025;2;Casa Forte;Noite;Balcão;Feminino;35 a 44;40;Quinzenal;3;22,61;6,0;32;69,7;20,0;5;4;4;;8;Sim;76,666667
PQ-2025-0437;26/02/2025;4;Recife Antigo;Tarde;App;Masculino;25 a 34;30;Quinzenal;2;26,13;10,0;36;68,0;19,4;3;5;3;5;10;Sim;83,333333
PQ-2025-0438;06/04/2025;3;Espinheiro;Noite;App;Masculino;25 a 34;25;Quinzenal;4;14,04;5,0;33;60,0;25,5;5;4;5;5;10;Sim;95,833333
PQ-2025-0439;13/01/2025;4;Recife Antigo;Manhã;Balcão;Feminino;18 a 24;20;Quinzenal;2;21,46;20,0;82;73,0;22,3;2;5;4;2;4;Não;50,833333
PQ-2025-0440;04/04/2025;1;Boa Viagem;Manhã;Delivery;Masculino;25 a 34;30;Semanal;5;22,42;15,6;37;67,1;26,2;1;5;4;2;7;Sim;56,666667
PQ-2025-0441;13/04/2025;1;Boa Viagem;Tarde;Balcão;Feminino;35 a 44;36;Semanal;2;33,92;18,3;25;59,5;25,2;3;5;5;2;9;Sim;75,833333
PQ-2025-0442;30/05/2025;4;Recife Antigo;Noite;App;Feminino;25 a 34;30;Primeira vez;6;21,04;10,0;48;68,0;21,7;5;4;4;3;8;Sim;76,666667
PQ-2025-0443;07/03/2025;1;Boa Viagem;Tarde;Balcão;Masculino;35 a 44;42;Quinzenal;1;32,44;9,2;26;65,3;22,3;3;4;4;3;8;Sim;68,333333
PQ-2025-0444;10/03/2025;3;Espinheiro;Tarde;Delivery;Feminino;25 a 34;33;Mensal;2;16,43;5,0;38;64,0;23,2;4;4;5;4;7;Sim;77,500000
PQ-2025-0445;25/02/2025;2;Casa Forte;Manhã;Balcão;Feminino;35 a 44;40;Mensal;3;24,36;7,4;48;67,9;23,3;5;5;3;4;8;Sim;80,833333
PQ-2025-0446;22/02/2025;1;Boa Viagem;Tarde;Balcão;Masculino;25 a 34;30;Primeira vez;5;31,79;21,7;45;64,7;22,6;3;5;3;4;8;Sim;72,500000
PQ-2025-0447;14/04/2025;1;Boa Viagem;Noite;Balcão;Feminino;35 a 44;;Diária;1;34,76;10,2;41;62,5;26,2;4;4;5;4;8;Sim;80,833333
PQ-2025-0448;09/01/2025;1;Boa Viagem;Manhã;Delivery;Feminino;45 a 59;45;Quinzenal;2;34,13;28,8;39;61,7;23,8;1;4;5;4;8;Sim;68,333333
PQ-2025-0449;18/01/2025;1;Boa Viagem;Noite;Balcão;Masculino;25 a 34;30;Semanal;2;34,23;4,6;16;61,5;22,8;5;4;4;4;10;Sim;87,500000
PQ-2025-0450;29/03/2025;3;Espinheiro;Tarde;Balcão;Masculino;60 ou mais;60;Semanal;1;15,29;5,0;26;82,0;23,2;4;5;3;5;7;Sim;77,500000
PQ-2025-0451;16/02/2025;4;Recife Antigo;Noite;Balcão;Masculino;45 a 59;52;Mensal;3;13,07;5,0;61;75,0;22,6;5;4;4;3;7;Sim;73,333333
PQ-2025-0452;25/06/2025;3;Espinheiro;Noite;Balcão;Feminino;18 a 24;20;Quinzenal;4;24,37;5,0;44;66,0;22,6;5;4;3;5;6;Sim;74,166667
PQ-2025-0453;23/04/2025;4;Recife Antigo;Manhã;Balcão;Prefiro não informar;25 a 34;30;Diária;2;19,02;5,0;47;62,0;24,5;5;4;5;3;9;Sim;84,166667
PQ-2025-0454;25/04/2025;2;Casa Forte;Tarde;Balcão;Masculino;45 a 59;56;Mensal;1;30,36;7,8;24;70,7;23,3;3;5;5;2;8;Sim;72,500000
PQ-2025-0455;09/03/2025;3;Espinheiro;Tarde;Balcão;Feminino;35 a 44;35;Quinzenal;2;24,14;10,0;27;66,0;23,6;3;4;4;5;8;Sim;76,666667
PQ-2025-0456;11/06/2025;2;Casa Forte;Manhã;Balcão;Masculino;35 a 44;44;Mensal;4;17,93;11,1;43;75,4;21,6;5;4;5;3;9;Sim;84,166667
PQ-2025-0457;27/02/2025;3;Espinheiro;Manhã;Delivery;Feminino;45 a 59;50;Quinzenal;3;18,27;5,0;25;64,0;23,7;3;5;4;4;8;Sim;76,666667
PQ-2025-0458;09/01/2025;1;Boa Viagem;Manhã;App;Feminino;35 a 44;35;Diária;5;20,84;12,7;40;66,6;24,5;3;5;2;5;8;Sim;72,500000
PQ-2025-0459;13/01/2025;1;Boa Viagem;Tarde;App;Masculino;25 a 34;25;Primeira vez;1;27,55;14,1;27;66,9;24,4;4;5;4;3;6;Sim;70,000000
PQ-2025-0460;18/06/2025;2;Casa Forte;Manhã;Balcão;Feminino;25 a 34;28;Mensal;2;16,68;5,4;57;64,8;25,4;4;4;4;3;8;Sim;72,500000
PQ-2025-0461;20/04/2025;1;Boa Viagem;Manhã;Delivery;Prefiro não informar;35 a 44;40;Diária;3;33,08;10,6;63;61,1;22,6;4;4;3;5;10;Sim;83,333333
PQ-2025-0462;23/03/2025;3;Espinheiro;Tarde;Balcão;Masculino;25 a 34;30;Semanal;3;31,20;10,0;34;69,0;23,8;5;5;4;4;10;Sim;91,666667
PQ-2025-0463;11/06/2025;4;Recife Antigo;Tarde;Delivery;Feminino;35 a 44;38;Primeira vez;4;20,29;5,0;61;68,0;24,0;5;5;5;3;10;Sim;91,666667
PQ-2025-0464;18/01/2025;4;Recife Antigo;Manhã;Balcão;Feminino;35 a 44;37;Mensal;2;11,23;5,0;69;72,0;22,4;5;5;3;4;9;Sim;84,166667
PQ-2025-0465;10/01/2025;4;Recife Antigo;Manhã;Balcão;Masculino;25 a 34;30;Mensal;3;22,43;5,0;50;68,0;24,7;5;5;3;4;8;Sim;80,833333
PQ-2025-0466;28/03/2025;2;Casa Forte;Tarde;Balcão;Outro;18 a 24;20;Mensal;4;26,50;4,2;44;65,9;25,0;5;5;3;3;7;Sim;73,333333
PQ-2025-0467;12/06/2025;1;Boa Viagem;Tarde;Balcão;Prefiro não informar;35 a 44;35;Primeira vez;4;28,35;7,6;46;58,3;22,7;5;4;3;3;7;Sim;69,166667
PQ-2025-0468;16/02/2025;4;Recife Antigo;Tarde;Balcão;Feminino;25 a 34;30;Semanal;1;20,78;10,0;87;69,0;23,2;4;4;4;2;8;Sim;68,333333
PQ-2025-0469;20/03/2025;4;Recife Antigo;Manhã;Balcão;Feminino;18 a 24;20;Mensal;5;22,48;5,0;61;73,0;22,5;4;4;4;2;5;Não;58,333333
PQ-2025-0470;19/05/2025;1;Boa Viagem;Manhã;Delivery;Feminino;25 a 34;30;Diária;2;32,52;10,1;43;65,7;21,9;3;4;4;3;7;Sim;65,000000
PQ-2025-0471;25/02/2025;2;Casa Forte;Manhã;Delivery;Masculino;25 a 34;30;Semanal;3;18,22;2,9;27;67,8;25,6;5;5;2;4;9;Sim;80,000000
PQ-2025-0472;24/06/2025;2;Casa Forte;Manhã;Balcão;Masculino;45 a 59;45;Diária;3;28,49;5,3;27;65,3;22,6;5;3;5;3;7;Sim;73,333333
PQ-2025-0473;01/05/2025;2;Casa Forte;Noite;App;Masculino;18 a 24;;Semanal;1;10,03;1,1;50;74,5;21,5;5;5;2;5;8;Sim;80,833333
PQ-2025-0474;20/01/2025;1;Boa Viagem;Manhã;App;Feminino;18 a 24;20;Semanal;1;27,09;17,1;17;76,4;23,9;3;4;5;3;6;Sim;65,833333
PQ-2025-0475;27/05/2025;2;Casa Forte;Tarde;Balcão;Feminino;25 a 34;30;Mensal;4;18,76;5,9;72;60,8;25,4;5;4;4;3;5;Não;66,666667
PQ-2025-0476;18/06/2025;1;Boa Viagem;Manhã;App;Feminino;35 a 44;41;Semanal;2;32,68;17,0;35;57,3;25,2;3;4;4;3;5;Não;58,333333
PQ-2025-0477;22/02/2025;4;Recife Antigo;Manhã;App;Feminino;45 a 59;45;Quinzenal;2;22,48;5,0;44;66,0;24,1;5;5;4;5;10;Sim;95,833333
PQ-2025-0478;19/06/2025;1;Boa Viagem;Manhã;Balcão;Masculino;45 a 59;59;Mensal;1;17,92;15,2;47;65,5;21,4;3;4;3;3;6;Sim;57,500000
PQ-2025-0479;10/03/2025;2;Casa Forte;Tarde;App;Masculino;45 a 59;45;Primeira vez;2;21,63;8,0;23;64,7;23,2;4;5;4;3;7;Sim;73,333333
PQ-2025-0480;05/06/2025;2;Casa Forte;Tarde;Balcão;Feminino;35 a 44;38;Semanal;4;18,68;8,8;42;70,2;24,8;5;5;3;4;10;Sim;87,500000
PQ-2025-0481;19/01/2025;3;Espinheiro;Tarde;Balcão;Prefiro não informar;35 a 44;40;Semanal;2;16,13;5,0;32;64,0;24,1;4;4;5;3;7;Sim;73,333333
PQ-2025-0482;26/03/2025;1;Boa Viagem;Tarde;Balcão;Feminino;25 a 34;30;Primeira vez;2;25,70;14,1;21;72,1;24,0;3;4;3;3;5;Não;54,166667
PQ-2025-0483;28/04/2025;1;Boa Viagem;Tarde;Balcão;Feminino;45 a 59;46;Mensal;3;42,36;5,2;57;75,0;23,3;4;3;4;4;10;Sim;79,166667
PQ-2025-0484;29/04/2025;4;Recife Antigo;Manhã;Balcão;Masculino;35 a 44;40;Mensal;3;24,40;5,0;101;82,0;23,6;4;5;5;5;8;Sim;89,166667
PQ-2025-0485;04/06/2025;2;Casa Forte;Tarde;Balcão;Outro;35 a 44;40;Semanal;1;28,45;11,3;35;63,8;23,7;4;5;3;3;8;Sim;72,500000
PQ-2025-0486;10/04/2025;1;Boa Viagem;Noite;Balcão;Feminino;35 a 44;37;Primeira vez;2;25,25;16,1;49;67,8;23,0;3;4;5;2;6;Não;61,666667
PQ-2025-0487;01/05/2025;4;Recife Antigo;Tarde;Balcão;Feminino;25 a 34;25;Primeira vez;1;21,49;5,0;50;67,0;22,1;4;5;3;4;10;Sim;83,333333
PQ-2025-0488;07/02/2025;2;Casa Forte;Manhã;Delivery;Outro;25 a 34;30;Mensal;2;16,33;3,9;37;70,6;22,7;5;5;3;3;7;Sim;73,333333
PQ-2025-0489;31/01/2025;4;Recife Antigo;Noite;Balcão;Prefiro não informar;18 a 24;22;Semanal;1;12,80;5,0;41;70,0;26,2;5;4;4;4;6;Sim;74,166667
PQ-2025-0490;25/01/2025;2;Casa Forte;Tarde;App;Masculino;45 a 59;50;Semanal;3;22,39;9,1;66;66,5;23,1;3;5;3;4;8;Sim;72,500000
PQ-2025-0491;14/06/2025;1;Boa Viagem;Manhã;Balcão;Masculino;25 a 34;28;Primeira vez;1;41,83;4,1;53;62,2;25,7;4;4;4;4;9;Sim;80,000000
PQ-2025-0492;06/04/2025;4;Recife Antigo;Noite;App;Outro;25 a 34;25;Diária;6;22,81;5,0;39;71,0;24,3;4;5;3;;7;Sim;69,166667
PQ-2025-0493;01/03/2025;1;Boa Viagem;Manhã;Delivery;Feminino;25 a 34;30;Diária;2;25,38;16,1;34;67,0;22,7;5;4;4;3;10;Sim;83,333333
PQ-2025-0494;05/06/2025;3;Espinheiro;Noite;Balcão;Outro;25 a 34;30;Quinzenal;1;13,59;5,0;23;77,0;22,4;5;4;3;4;6;Não;70,000000
PQ-2025-0495;20/01/2025;3;Espinheiro;Noite;App;Feminino;25 a 34;30;Diária;3;19,84;15,0;32;65,0;23,4;2;5;4;3;7;Sim;65,000000
PQ-2025-0496;17/06/2025;1;Boa Viagem;Manhã;Balcão;Masculino;18 a 24;20;Quinzenal;2;30,08;12,3;29;66,0;22,0;4;3;5;3;7;Sim;69,166667
PQ-2025-0497;09/02/2025;1;Boa Viagem;Manhã;Delivery;Masculino;35 a 44;40;Mensal;2;30,90;10,2;37;70,5;21,8;4;4;4;2;9;Sim;71,666667
PQ-2025-0498;06/01/2025;3;Espinheiro;Manhã;Balcão;Masculino;35 a 44;35;Quinzenal;2;15,06;5,0;30;66,0;22,5;5;4;5;3;8;Sim;80,833333
PQ-2025-0499;31/03/2025;4;Recife Antigo;Manhã;Balcão;Masculino;25 a 34;30;Quinzenal;3;23,68;5,0;36;67,0;25,8;5;4;4;4;10;Sim;87,500000
PQ-2025-0500;19/04/2025;2;Casa Forte;Noite;Delivery;Feminino;45 a 59;50;Quinzenal;4;20,97;1,6;38;72,7;21,8;5;5;4;3;8;Sim;80,833333
PQ-2025-0501;16/05/2025;2;Casa Forte;Noite;App;Masculino;18 a 24;23;Quinzenal;1;25,76;5,1;12;64,9;21,4;4;3;5;4;9;Sim;80,000000
PQ-2025-0502;04/02/2025;4;Recife Antigo;Noite;Balcão;Masculino;25 a 34;25;Diária;2;26,98;10,0;60;65,0;25,5;4;4;4;3;8;Sim;72,500000
PQ-2025-0503;19/02/2025;2;Casa Forte;Manhã;Balcão;Masculino;35 a 44;35;Semanal;1;24,01;4,2;37;72,8;24,6;5;5;4;;10;Sim;87,500000
PQ-2025-0504;02/02/2025;2;Casa Forte;Manhã;Balcão;Masculino;45 a 59;45;Primeira vez;3;21,64;4,8;48;69,4;24,3;5;4;5;4;9;Sim;88,333333
PQ-2025-0505;19/06/2025;3;Espinheiro;Manhã;Balcão;Masculino;18 a 24;23;Mensal;2;30,26;5,0;30;70,0;22,8;4;4;5;4;7;Sim;77,500000
PQ-2025-0506;04/02/2025;3;Espinheiro;Noite;Delivery;Feminino;18 a 24;18;Quinzenal;3;19,71;10,0;31;69,0;24,8;4;5;3;5;5;Não;70,833333
PQ-2025-0507;18/05/2025;4;Recife Antigo;Tarde;Balcão;Feminino;18 a 24;20;Primeira vez;3;22,25;5,0;19;63,0;19,4;4;4;5;3;9;Sim;80,000000
PQ-2025-0508;23/03/2025;1;Boa Viagem;Manhã;Balcão;Masculino;25 a 34;30;Primeira vez;2;17,11;8,1;29;66,9;22,6;4;5;5;4;8;Sim;85,000000
PQ-2025-0509;14/05/2025;2;Casa Forte;Manhã;App;Feminino;35 a 44;36;Semanal;2;23,40;14,5;37;59,4;25,7;2;4;4;2;6;Sim;53,333333
PQ-2025-0510;07/05/2025;3;Espinheiro;Manhã;Delivery;Feminino;60 ou mais;60;Mensal;3;23,42;5,0;31;77,0;24,7;4;5;5;2;7;Sim;73,333333
PQ-2025-0511;13/04/2025;3;Espinheiro;Noite;Balcão;Masculino;60 ou mais;60;Primeira vez;3;13,16;5,0;26;69,0;22,1;5;4;5;5;10;Sim;95,833333
PQ-2025-0512;31/05/2025;2;Casa Forte;Tarde;App;Prefiro não informar;35 a 44;35;Diária;1;23,95;5,2;40;61,0;21,2;5;5;5;5;9;Sim;96,666667
PQ-2025-0513;16/05/2025;3;Espinheiro;Manhã;Balcão;Masculino;18 a 24;20;Primeira vez;3;14,64;5,0;43;65,0;24,6;4;5;4;3;8;Sim;76,666667
PQ-2025-0514;03/05/2025;4;Recife Antigo;Manhã;Balcão;Masculino;60 ou mais;60;Primeira vez;2;27,26;5,0;55;67,0;23,1;5;3;3;2;6;Não;57,500000
PQ-2025-0515;13/04/2025;3;Espinheiro;Noite;Balcão;Masculino;45 a 59;47;Semanal;3;19,88;10,0;39;;24,6;4;3;4;4;7;Sim;69,166667
PQ-2025-0516;29/05/2025;1;Boa Viagem;Manhã;Balcão;Masculino;45 a 59;50;Semanal;3;34,31;3,3;34;73,4;22,1;4;4;5;5;9;Sim;88,333333
PQ-2025-0517;14/04/2025;2;Casa Forte;Tarde;Balcão;Feminino;35 a 44;40;Semanal;3;26,24;8,7;65;64,9;24,0;5;4;4;5;9;Sim;88,333333
PQ-2025-0518;02/05/2025;1;Boa Viagem;Tarde;Balcão;Feminino;18 a 24;20;Quinzenal;5;19,91;6,4;30;59,1;20,8;5;4;5;2;7;Sim;73,333333
PQ-2025-0519;14/04/2025;3;Espinheiro;Tarde;Balcão;Feminino;45 a 59;50;Semanal;2;19,72;5,0;23;67,0;25,8;4;4;4;4;7;Sim;73,333333
PQ-2025-0520;26/04/2025;1;Boa Viagem;Noite;App;Masculino;25 a 34;25;Quinzenal;1;36,42;9,8;21;72,4;22,2;3;4;4;3;8;Sim;68,333333
PQ-2025-0521;30/03/2025;1;Boa Viagem;Tarde;Balcão;Feminino;25 a 34;;Mensal;1;26,26;21,3;20;70,2;25,7;2;5;3;3;6;Sim;57,500000
PQ-2025-0522;09/05/2025;3;Espinheiro;Manhã;Balcão;Feminino;25 a 34;;Semanal;2;11,97;5,0;28;69,0;22,9;4;5;4;4;10;Sim;87,500000
PQ-2025-0523;19/01/2025;3;Espinheiro;Noite;Balcão;Masculino;25 a 34;30;Quinzenal;1;24,13;5,0;33;70,0;22,5;4;5;4;5;7;Sim;81,666667
PQ-2025-0524;10/04/2025;4;Recife Antigo;Tarde;App;Masculino;25 a 34;30;Quinzenal;3;6,00;15,0;69;70,0;25,9;4;5;3;2;5;Não;58,333333
PQ-2025-0525;21/02/2025;4;Recife Antigo;Manhã;App;Feminino;35 a 44;42;Quinzenal;1;17,28;5,0;55;74,0;23,8;5;5;4;5;10;Sim;95,833333
PQ-2025-0526;04/06/2025;2;Casa Forte;Tarde;Balcão;Masculino;25 a 34;31;Quinzenal;1;27,55;6,0;32;75,9;23,4;4;5;5;4;10;Sim;91,666667
PQ-2025-0527;28/02/2025;2;Casa Forte;Noite;Balcão;Feminino;18 a 24;20;Semanal;2;21,43;3,7;5;65,6;24,1;3;5;3;4;8;Sim;72,500000
PQ-2025-0528;17/02/2025;2;Casa Forte;Tarde;Balcão;Masculino;45 a 59;57;Semanal;2;25,63;4,5;49;69,4;22,7;4;4;5;4;9;Sim;84,166667
PQ-2025-0529;22/05/2025;4;Recife Antigo;Manhã;Balcão;Prefiro não informar;60 ou mais;60;Mensal;2;16,38;10,0;33;69,0;25,2;3;5;5;5;8;Sim;85,000000
PQ-2025-0530;02/06/2025;2;Casa Forte;Manhã;Balcão;Feminino;45 a 59;46;Semanal;1;21,21;7,0;22;65,5;25,4;5;4;4;3;10;Sim;83,333333
PQ-2025-0531;30/03/2025;1;Boa Viagem;Tarde;Delivery;Feminino;60 ou mais;75;Primeira vez;2;19,94;15,2;55;66,4;25,6;2;5;4;4;7;Sim;69,166667
PQ-2025-0532;29/01/2025;3;Espinheiro;Tarde;Balcão;Feminino;45 a 59;45;Diária;2;16,36;5,0;37;67,0;25,8;5;4;5;4;9;Sim;88,333333
PQ-2025-0533;31/01/2025;2;Casa Forte;Noite;Balcão;Feminino;35 a 44;;Primeira vez;3;24,88;10,2;43;66,9;25,6;4;5;5;4;9;Sim;88,333333
PQ-2025-0534;05/04/2025;4;Recife Antigo;Tarde;Balcão;Masculino;35 a 44;40;Mensal;3;17,82;5,0;59;66,0;23,3;5;4;4;3;6;Sim;70,000000
PQ-2025-0535;17/02/2025;4;Recife Antigo;Noite;Balcão;Outro;35 a 44;35;Primeira vez;5;23,17;10,0;72;61,0;21,5;3;5;4;5;10;Sim;87,500000
PQ-2025-0536;26/03/2025;3;Espinheiro;Manhã;Delivery;Masculino;35 a 44;40;Primeira vez;3;23,77;5,0;46;68,0;22,9;4;3;3;4;7;Sim;65,000000
PQ-2025-0537;28/02/2025;4;Recife Antigo;Manhã;Balcão;Feminino;35 a 44;40;Semanal;6;30,14;5,0;47;70,0;21,7;4;4;4;5;9;Sim;84,166667
PQ-2025-0538;08/01/2025;4;Recife Antigo;Tarde;Balcão;Feminino;18 a 24;20;Primeira vez;2;25,92;10,0;37;73,0;25,6;4;3;4;4;9;Sim;75,833333
PQ-2025-0539;18/02/2025;1;Boa Viagem;Tarde;Balcão;Feminino;35 a 44;;Primeira vez;2;8,95;7,9;19;73,1;24,6;3;4;3;3;5;Não;54,166667
PQ-2025-0540;31/05/2025;1;Boa Viagem;Tarde;Balcão;Feminino;35 a 44;40;Primeira vez;4;26,24;17,2;42;70,4;22,5;4;4;4;3;6;Sim;65,833333
PQ-2025-0541;19/01/2025;2;Casa Forte;Noite;Balcão;Masculino;25 a 34;30;Semanal;1;7,42;4,9;50;63,8;23,8;5;4;5;;6;Sim;82,500000
PQ-2025-0542;24/03/2025;1;Boa Viagem;Manhã;Balcão;Prefiro não informar;35 a 44;44;Primeira vez;2;17,03;4,8;42;63,9;23,0;4;4;4;4;10;Sim;83,333333
PQ-2025-0543;23/03/2025;3;Espinheiro;Manhã;Delivery;Masculino;45 a 59;50;Mensal;5;6,00;10,0;37;73,0;22,0;4;4;5;5;8;Sim;85,000000
PQ-2025-0544;14/01/2025;1;Boa Viagem;Manhã;Delivery;Feminino;35 a 44;40;Quinzenal;4;24,83;3,5;39;64,7;23,4;5;4;5;4;10;Sim;91,666667
PQ-2025-0545;23/05/2025;1;Boa Viagem;Noite;Balcão;Masculino;25 a 34;26;Mensal;2;18,77;8,7;45;71,6;26,4;4;5;5;4;6;Não;78,333333
PQ-2025-0546;29/01/2025;4;Recife Antigo;Noite;Balcão;Feminino;35 a 44;40;Diária;3;11,32;10,0;79;61,0;21,8;4;4;5;3;8;Sim;76,666667
PQ-2025-0547;28/04/2025;3;Espinheiro;Tarde;App;Masculino;35 a 44;40;Quinzenal;4;17,87;10,0;29;65,0;22,1;4;5;5;3;10;Sim;87,500000
PQ-2025-0548;14/01/2025;1;Boa Viagem;Noite;Balcão;Masculino;18 a 24;23;Semanal;2;24,77;6,5;36;63,2;24,9;5;5;4;1;7;Sim;69,166667
PQ-2025-0549;24/01/2025;3;Espinheiro;Tarde;Balcão;Feminino;18 a 24;18;Semanal;3;28,86;5,0;19;63,0;24,3;4;5;4;5;7;Sim;81,666667
PQ-2025-0550;18/04/2025;2;Casa Forte;Tarde;Balcão;Feminino;25 a 34;25;Quinzenal;3;19,71;4,5;27;71,3;24,4;5;5;5;5;9;Sim;96,666667
PQ-2025-0551;08/04/2025;2;Casa Forte;Tarde;Balcão;Feminino;45 a 59;50;Quinzenal;3;18,91;9,4;62;71,5;20,2;4;5;5;4;8;Sim;85,000000
PQ-2025-0552;02/04/2025;1;Boa Viagem;Noite;Balcão;Feminino;60 ou mais;60;Diária;2;37,22;5,4;33;56,6;25,0;4;5;4;3;9;Sim;80,000000
PQ-2025-0553;07/06/2025;4;Recife Antigo;Noite;App;Prefiro não informar;18 a 24;20;Primeira vez;2;20,57;5,0;64;72,0;24,6;5;4;3;4;10;Sim;83,333333
PQ-2025-0554;09/03/2025;4;Recife Antigo;Tarde;Balcão;Feminino;45 a 59;45;Semanal;2;15,15;5,0;21;70,0;23,6;5;5;3;4;8;Sim;80,833333
PQ-2025-0555;18/06/2025;3;Espinheiro;Tarde;Balcão;Feminino;35 a 44;40;Semanal;4;11,08;5,0;13;68,0;24,6;3;4;4;5;9;Sim;80,000000
PQ-2025-0556;22/04/2025;4;Recife Antigo;Manhã;Balcão;Feminino;35 a 44;;Quinzenal;1;16,16;5,0;44;65,0;25,1;3;4;4;2;6;Sim;57,500000
PQ-2025-0557;25/04/2025;2;Casa Forte;Manhã;Balcão;Feminino;45 a 59;50;Diária;2;10,45;9,1;33;;22,5;4;3;4;3;8;Sim;68,333333
PQ-2025-0558;23/02/2025;1;Boa Viagem;Tarde;Balcão;Prefiro não informar;18 a 24;20;Quinzenal;2;25,81;8,7;30;72,5;23,5;5;3;5;3;9;Sim;80,000000
PQ-2025-0559;06/01/2025;2;Casa Forte;Tarde;App;Feminino;35 a 44;40;Mensal;3;30,80;2,2;25;72,9;22,0;3;5;4;5;8;Sim;80,833333
PQ-2025-0560;15/06/2025;2;Casa Forte;Manhã;App;Masculino;35 a 44;35;Quinzenal;4;13,92;6,7;25;70,7;24,8;4;5;3;5;6;Sim;74,166667
PQ-2025-0561;27/01/2025;1;Boa Viagem;Tarde;Balcão;Feminino;25 a 34;30;Semanal;5;23,14;8,6;34;61,8;22,9;5;4;5;3;10;Sim;87,500000
PQ-2025-0562;18/02/2025;2;Casa Forte;Tarde;App;Feminino;35 a 44;35;Primeira vez;3;36,16;9,0;57;67,8;26,0;4;4;5;3;9;Sim;80,000000
PQ-2025-0563;07/06/2025;2;Casa Forte;Manhã;App;Masculino;35 a 44;40;Diária;4;13,10;4,7;54;59,7;23,5;4;4;5;4;9;Sim;84,166667
PQ-2025-0564;23/05/2025;1;Boa Viagem;Noite;Delivery;Masculino;45 a 59;50;Primeira vez;3;21,10;15,2;24;71,9;22,6;3;3;4;4;7;Sim;65,000000
PQ-2025-0565;10/05/2025;2;Casa Forte;Tarde;Balcão;Feminino;45 a 59;50;Diária;3;23,53;9,6;31;;23,6;4;5;5;;;Sim;91,666667
PQ-2025-0566;18/06/2025;3;Espinheiro;Tarde;Balcão;Feminino;45 a 59;50;Mensal;1;24,97;5,0;34;69,0;24,6;4;4;3;4;7;Sim;69,166667
PQ-2025-0567;31/03/2025;1;Boa Viagem;Tarde;Balcão;Masculino;35 a 44;37;Mensal;2;27,58;4,9;32;67,9;22,2;3;5;5;3;8;Sim;76,666667
PQ-2025-0568;21/01/2025;3;Espinheiro;Manhã;Balcão;Feminino;25 a 34;30;Quinzenal;5;14,22;5,0;30;70,0;23,2;4;3;5;5;9;Sim;84,166667
PQ-2025-0569;30/03/2025;3;Espinheiro;Tarde;App;Feminino;35 a 44;42;Semanal;5;12,61;5,0;17;66,0;23,9;4;4;4;4;8;Sim;76,666667
PQ-2025-0570;21/06/2025;3;Espinheiro;Manhã;Balcão;Masculino;35 a 44;42;Quinzenal;3;19,61;5,0;22;60,0;26,3;5;5;4;5;10;Sim;95,833333
PQ-2025-0571;02/06/2025;2;Casa Forte;Tarde;Balcão;Feminino;35 a 44;40;Primeira vez;2;22,75;6,2;33;66,6;21,0;5;5;5;4;9;Sim;92,500000
PQ-2025-0572;26/04/2025;2;Casa Forte;Noite;App;Masculino;45 a 59;45;Diária;4;26,62;6,2;34;71,7;23,4;5;4;5;5;10;Sim;95,833333
PQ-2025-0573;15/03/2025;1;Boa Viagem;Manhã;Balcão;Masculino;45 a 59;45;Semanal;4;22,16;11,4;20;69,2;21,1;3;5;5;5;9;Sim;88,333333
PQ-2025-0574;08/02/2025;3;Espinheiro;Tarde;App;Masculino;35 a 44;;Primeira vez;1;17,38;5,0;34;63,0;22,5;4;4;4;4;7;Sim;73,333333
PQ-2025-0575;15/04/2025;1;Boa Viagem;Manhã;Balcão;Feminino;25 a 34;30;Primeira vez;3;19,96;13,3;49;65,0;22,3;4;4;3;3;10;Sim;75,000000
PQ-2025-0576;26/04/2025;1;Boa Viagem;Tarde;App;Feminino;35 a 44;40;Semanal;1;10,83;20,3;22;72,9;22,8;2;4;2;3;7;Sim;52,500000
PQ-2025-0577;04/04/2025;4;Recife Antigo;Tarde;Delivery;Masculino;25 a 34;30;Diária;2;12,98;10,0;48;68,0;24,0;5;4;4;4;7;Sim;77,500000
PQ-2025-0578;12/02/2025;4;Recife Antigo;Tarde;Balcão;Outro;35 a 44;40;Mensal;3;9,58;5,0;48;68,0;24,3;5;4;5;4;8;Sim;85,000000
PQ-2025-0579;21/05/2025;2;Casa Forte;Manhã;Balcão;Feminino;25 a 34;30;Semanal;1;34,68;3,4;38;66,1;20,9;5;4;4;4;8;Sim;80,833333
PQ-2025-0580;03/04/2025;3;Espinheiro;Manhã;Balcão;Masculino;45 a 59;52;Mensal;3;17,10;10,0;23;68,0;21,5;4;5;5;4;;Sim;88,333333
PQ-2025-0581;09/04/2025;1;Boa Viagem;Noite;Balcão;Feminino;25 a 34;30;Semanal;1;24,86;9,7;36;64,3;22,8;4;3;4;;6;Não;61,666667
PQ-2025-0582;30/05/2025;1;Boa Viagem;Tarde;App;Masculino;35 a 44;40;Diária;1;27,52;11,5;41;69,7;23,9;3;3;4;3;6;Não;57,500000
PQ-2025-0583;31/05/2025;2;Casa Forte;Tarde;Balcão;Prefiro não informar;35 a 44;40;Mensal;5;9,94;7,4;72;69,4;23,6;5;3;3;4;7;Sim;69,166667
PQ-2025-0584;11/01/2025;1;Boa Viagem;Noite;App;Masculino;45 a 59;;Mensal;1;23,15;7,3;30;68,8;22,4;4;4;4;3;9;Sim;75,833333
PQ-2025-0585;06/06/2025;1;Boa Viagem;Manhã;App;Masculino;18 a 24;18;Primeira vez;4;32,51;7,3;30;68,3;24,8;4;4;4;3;7;Sim;69,166667
PQ-2025-0586;18/04/2025;2;Casa Forte;Noite;Balcão;Masculino;45 a 59;50;Mensal;4;26,29;5,0;36;70,4;24,5;4;4;5;5;9;Sim;88,333333
PQ-2025-0587;26/01/2025;3;Espinheiro;Manhã;Balcão;Masculino;45 a 59;50;Diária;1;10,99;5,0;21;69,0;23,2;4;5;5;4;9;Sim;88,333333
PQ-2025-0588;12/06/2025;1;Boa Viagem;Tarde;App;Feminino;18 a 24;20;Semanal;5;29,47;9,3;42;74,0;26,3;4;4;4;3;8;Sim;72,500000
PQ-2025-0589;30/05/2025;2;Casa Forte;Noite;Balcão;Feminino;18 a 24;20;Semanal;3;16,14;4,2;48;69,0;23,0;5;4;4;3;8;Sim;76,666667
PQ-2025-0590;11/06/2025;1;Boa Viagem;Tarde;Balcão;Feminino;25 a 34;25;Mensal;1;18,76;12,7;36;66,9;23,5;3;4;5;3;9;Sim;75,833333
PQ-2025-0591;17/04/2025;1;Boa Viagem;Tarde;Balcão;Feminino;35 a 44;40;Semanal;2;25,79;9,7;39;62,4;23,8;2;5;5;4;8;Sim;76,666667
PQ-2025-0592;24/04/2025;2;Casa Forte;Noite;Balcão;Masculino;60 ou mais;60;Mensal;1;29,35;7,0;74;67,1;25,0;5;5;5;3;9;Sim;88,333333
PQ-2025-0593;09/02/2025;1;Boa Viagem;Manhã;App;Feminino;18 a 24;20;Quinzenal;3;26,18;10,7;35;74,8;26,2;4;3;4;3;7;Sim;65,000000
PQ-2025-0594;16/05/2025;2;Casa Forte;Tarde;App;Masculino;35 a 44;40;Diária;3;22,42;6,1;57;74,5;21,5;3;4;3;3;7;Sim;60,833333
PQ-2025-0595;03/04/2025;2;Casa Forte;Noite;Delivery;Masculino;25 a 34;30;Semanal;3;28,82;5,8;52;72,7;23,6;4;5;4;4;6;Sim;74,166667
PQ-2025-0596;02/05/2025;3;Espinheiro;Manhã;App;Feminino;25 a 34;30;Semanal;3;18,72;5,0;33;74,0;23,9;5;4;3;5;9;Sim;84,166667
PQ-2025-0597;13/02/2025;1;Boa Viagem;Tarde;Balcão;Prefiro não informar;35 a 44;40;Mensal;3;34,11;6,8;51;62,7;22,9;4;4;5;4;8;Sim;80,833333
PQ-2025-0598;22/05/2025;1;Boa Viagem;Manhã;Balcão;Feminino;25 a 34;30;Semanal;1;31,60;11,4;28;70,6;21,0;4;4;2;3;9;Sim;67,500000
PQ-2025-0599;21/04/2025;1;Boa Viagem;Tarde;Balcão;Masculino;60 ou mais;;Semanal;2;11,51;17,5;7;75,0;25,6;3;4;5;4;6;Sim;70,000000
PQ-2025-0600;07/06/2025;2;Casa Forte;Manhã;Balcão;Masculino;45 a 59;50;Primeira vez;4;15,05;4,4;24;72,1;20,6;5;4;5;3;6;Sim;74,166667
PQ-2025-0601;13/01/2025;4;Recife Antigo;Manhã;Balcão;Feminino;25 a 34;30;Primeira vez;6;16,23;5,0;34;65,0;21,6;5;5;5;4;10;Sim;95,833333
PQ-2025-0602;25/04/2025;3;Espinheiro;Manhã;Balcão;Feminino;45 a 59;55;Semanal;2;23,33;5,0;15;63,0;25,2;4;4;4;5;8;Sim;80,833333
PQ-2025-0603;29/05/2025;3;Espinheiro;Tarde;App;Prefiro não informar;25 a 34;30;Diária;2;22,94;5,0;24;67,0;23,6;5;5;5;5;10;Sim;100,000000
PQ-2025-0604;11/02/2025;4;Recife Antigo;Tarde;Balcão;Feminino;45 a 59;45;Quinzenal;4;20,27;10,0;52;73,0;23,7;3;4;4;4;7;Sim;69,166667
PQ-2025-0605;18/03/2025;1;Boa Viagem;Manhã;Balcão;Masculino;18 a 24;23;Quinzenal;2;11,24;16,2;39;66,7;23,2;3;5;4;3;5;Não;62,500000
PQ-2025-0606;03/04/2025;3;Espinheiro;Manhã;Balcão;Masculino;45 a 59;45;Semanal;2;17,38;5,0;25;70,0;23,0;4;3;4;4;7;Sim;69,166667
PQ-2025-0607;21/03/2025;1;Boa Viagem;Noite;App;Masculino;18 a 24;20;Quinzenal;3;30,72;3,8;23;69,5;25,0;4;4;5;4;9;Sim;84,166667
PQ-2025-0608;16/04/2025;3;Espinheiro;Manhã;Balcão;Masculino;45 a 59;50;Mensal;2;14,73;5,0;20;69,0;21,0;4;4;5;4;10;Sim;87,500000
PQ-2025-0609;06/05/2025;1;Boa Viagem;Noite;Balcão;Masculino;25 a 34;30;Mensal;2;28,43;14,1;39;;22,2;3;5;4;3;8;Sim;72,500000
PQ-2025-0610;12/05/2025;1;Boa Viagem;Noite;Balcão;Feminino;35 a 44;40;Semanal;1;38,94;7,4;40;61,5;23,8;4;5;4;4;9;Sim;84,166667
PQ-2025-0611;19/03/2025;2;Casa Forte;Manhã;App;Masculino;25 a 34;30;Quinzenal;3;15,27;14,1;61;72,3;23,4;3;4;4;5;9;Sim;80,000000
PQ-2025-0612;25/04/2025;3;Espinheiro;Tarde;App;Outro;35 a 44;38;Semanal;3;17,43;10,0;18;61,0;24,4;4;5;4;5;9;Sim;88,333333
PQ-2025-0613;16/03/2025;2;Casa Forte;Noite;Balcão;Masculino;25 a 34;30;Mensal;2;29,00;2,1;46;;22,6;5;4;4;3;8;Sim;76,666667
PQ-2025-0614;12/04/2025;1;Boa Viagem;Noite;Balcão;Feminino;18 a 24;20;Mensal;5;34,87;15,7;37;72,5;22,4;3;3;4;3;5;Não;54,166667
PQ-2025-0615;27/04/2025;1;Boa Viagem;Manhã;Balcão;Feminino;45 a 59;50;Primeira vez;2;34,46;21,8;23;63,5;22,9;1;4;5;3;6;Sim;57,500000
PQ-2025-0616;24/06/2025;2;Casa Forte;Tarde;Balcão;Feminino;25 a 34;30;Primeira vez;4;23,86;15,0;44;71,1;24,8;4;4;3;4;8;Sim;72,500000
PQ-2025-0617;17/02/2025;4;Recife Antigo;Noite;App;Feminino;35 a 44;40;Primeira vez;4;19,38;5,0;14;61,0;24,1;5;3;5;4;9;Sim;84,166667
PQ-2025-0618;22/03/2025;1;Boa Viagem;Manhã;App;Masculino;35 a 44;40;Mensal;2;30,93;13,2;34;71,3;22,6;4;5;3;3;9;Sim;75,833333
PQ-2025-0619;17/02/2025;1;Boa Viagem;Manhã;Balcão;Feminino;60 ou mais;60;Semanal;1;32,23;6,5;51;77,1;23,5;5;4;3;3;7;Sim;69,166667
PQ-2025-0620;25/04/2025;1;Boa Viagem;Noite;App;Feminino;60 ou mais;60;Quinzenal;1;19,34;21,2;35;63,8;25,6;1;4;5;;4;Não;46,666667
PQ-2025-0621;14/01/2025;3;Espinheiro;Tarde;App;Feminino;25 a 34;30;Quinzenal;4;18,21;10,0;42;77,0;24,7;3;4;4;5;6;Sim;70,000000
PQ-2025-0622;24/04/2025;1;Boa Viagem;Tarde;Balcão;Masculino;35 a 44;35;Semanal;1;21,18;12,0;38;66,8;25,0;5;4;3;2;7;Sim;65,000000
PQ-2025-0623;24/05/2025;3;Espinheiro;Noite;App;Masculino;35 a 44;40;Semanal;4;21,85;5,0;35;68,0;24,5;5;5;5;4;9;Sim;92,500000
PQ-2025-0624;08/01/2025;4;Recife Antigo;Manhã;Delivery;Feminino;35 a 44;40;Primeira vez;1;18,75;15,0;20;71,0;23,3;3;4;5;3;8;Sim;72,500000
PQ-2025-0625;28/01/2025;1;Boa Viagem;Tarde;Delivery;Feminino;25 a 34;30;Primeira vez;3;24,46;13,7;17;76,3;22,7;1;5;4;3;6;Sim;57,500000
PQ-2025-0626;07/06/2025;3;Espinheiro;Manhã;Balcão;Feminino;18 a 24;20;Semanal;7;24,96;5,0;35;;24,5;4;5;2;4;9;Sim;75,833333
PQ-2025-0627;23/06/2025;1;Boa Viagem;Manhã;Balcão;Masculino;25 a 34;31;Primeira vez;1;23,19;18,6;39;65,7;24,8;1;4;4;;5;Não;50,000000
PQ-2025-0628;03/06/2025;1;Boa Viagem;Manhã;Delivery;Feminino;18 a 24;20;Quinzenal;1;28,83;5,1;30;72,8;22,8;3;4;4;3;8;Sim;68,333333
PQ-2025-0629;24/04/2025;3;Espinheiro;Manhã;Balcão;Feminino;25 a 34;33;Primeira vez;2;19,41;15,0;37;72,0;26,1;4;4;5;4;;Sim;87,500000
PQ-2025-0630;24/02/2025;4;Recife Antigo;Tarde;Delivery;Feminino;60 ou mais;65;Semanal;3;17,30;5,0;58;66,0;20,2;3;3;4;3;6;Não;57,500000
PQ-2025-0631;19/03/2025;1;Boa Viagem;Manhã;App;Feminino;35 a 44;40;Semanal;5;14,55;9,3;27;68,3;23,2;5;5;4;;6;Sim;70,000000
PQ-2025-0632;15/06/2025;4;Recife Antigo;Tarde;Balcão;Feminino;25 a 34;30;Primeira vez;4;19,21;10,0;58;72,0;23,4;4;5;4;4;7;Sim;77,500000
PQ-2025-0633;21/05/2025;3;Espinheiro;Noite;App;Feminino;35 a 44;35;Semanal;2;18,95;10,0;17;71,0;24,8;5;4;4;3;9;Sim;80,000000
PQ-2025-0634;19/03/2025;1;Boa Viagem;Manhã;App;Masculino;18 a 24;20;Mensal;5;36,71;22,3;39;68,7;23,5;1;3;4;3;5;Não;45,833333
PQ-2025-0635;02/06/2025;3;Espinheiro;Manhã;App;Feminino;45 a 59;55;Diária;1;15,44;5,0;35;77,0;23,9;3;5;4;4;7;Sim;73,333333
PQ-2025-0636;17/04/2025;1;Boa Viagem;Tarde;Delivery;Masculino;35 a 44;40;Quinzenal;3;24,38;10,4;17;70,2;23,0;4;3;5;;9;Sim;84,166667
PQ-2025-0637;22/01/2025;1;Boa Viagem;Tarde;Delivery;Outro;35 a 44;40;Quinzenal;2;31,35;7,3;15;68,8;26,2;4;5;4;4;9;Sim;84,166667
PQ-2025-0638;23/03/2025;1;Boa Viagem;Manhã;App;Masculino;45 a 59;52;Mensal;2;43,55;9,5;34;69,2;24,4;4;4;5;3;7;Sim;73,333333
PQ-2025-0639;02/06/2025;1;Boa Viagem;Manhã;Balcão;Feminino;60 ou mais;60;Diária;3;24,47;9,3;27;61,2;25,1;4;4;3;3;9;Sim;71,666667
PQ-2025-0640;07/05/2025;1;Boa Viagem;Noite;Delivery;Feminino;35 a 44;40;Mensal;2;29,88;6,8;35;69,9;24,1;4;4;3;3;4;Não;55,000000
